user_id,item_id,rating
0,0,2
0,1,2
0,2,2
0,3,2
0,4,2
0,5,2
0,6,2
0,7,2
0,8,2
0,9,2
0,10,2
0,11,2
0,12,2
0,13,2
0,14,1
0,15,2
0,16,1
0,17,2
0,18,2
0,19,2
0,20,1
0,21,2
0,22,1
0,23,2
0,24,2
0,25,2
0,26,2
0,27,2
0,28,2
0,29,2
0,30,2
0,31,2
0,32,2
0,33,2
0,34,2
0,35,2
0,36,2
0,37,2
0,38,2
0,39,2
0,40,2
0,41,2
0,42,2
0,43,2
0,44,2
0,45,2
0,46,2
0,47,2
0,48,2
0,49,2
0,50,2
0,51,2
0,52,2
0,53,2
0,54,2
0,55,2
0,56,1
0,57,2
0,58,2
0,59,2
0,60,2
0,61,2
0,62,1
0,63,2
0,64,2
0,65,2
0,66,2
0,67,2
0,68,1
0,69,2
0,70,2
0,71,2
0,72,2
0,73,2
0,74,2
0,75,1
0,76,2
0,77,2
0,78,2
0,79,1
0,80,1
0,81,2
0,82,1
0,83,2
0,84,2
0,85,2
0,86,2
0,87,2
0,88,2
0,89,1
0,90,2
0,91,2
0,92,1
0,93,2
0,94,2
0,95,2
0,96,2
0,97,2
0,98,2
0,99,2
1,0,1
1,1,2
1,2,2
1,3,1
1,4,2
1,5,2
1,6,2
1,7,2
1,8,2
1,9,2
1,10,1
1,11,1
1,12,2
1,13,1
1,14,1
1,15,2
1,16,1
1,17,1
1,18,2
1,19,2
1,20,1
1,21,1
1,22,1
1,23,1
1,24,2
1,25,2
1,26,2
1,27,1
1,28,1
1,29,2
1,30,2
1,31,1
1,32,2
1,33,2
1,34,2
1,35,2
1,36,1
1,37,2
1,38,1
1,39,1
1,40,2
1,41,2
1,42,1
1,43,2
1,44,2
1,45,2
1,46,2
1,47,2
1,48,1
1,49,2
1,50,2
1,51,2
1,52,1
1,53,1
1,54,1
1,55,2
1,56,1
1,57,2
1,58,0
1,59,2
1,60,1
1,61,1
1,62,1
1,63,1
1,64,2
1,65,1
1,66,1
1,67,2
1,68,1
1,69,2
1,70,2
1,71,1
1,72,2
1,73,1
1,74,2
1,75,1
1,76,2
1,77,2
1,78,2
1,79,1
1,80,1
1,81,2
1,82,1
1,83,2
1,84,2
1,85,2
1,86,2
1,87,1
1,88,2
1,89,1
1,90,2
1,91,1
1,92,1
1,93,2
1,94,2
1,95,1
1,96,2
1,97,1
1,98,2
1,99,2
2,0,1
2,1,2
2,2,2
2,3,1
2,4,2
2,5,2
2,6,1
2,7,2
2,8,1
2,9,2
2,10,1
2,11,1
2,12,2
2,13,1
2,14,1
2,15,1
2,16,1
2,17,1
2,18,2
2,19,1
2,20,1
2,21,2
2,22,1
2,23,1
2,24,2
2,25,1
2,26,2
2,27,1
2,28,1
2,29,1
2,30,2
2,31,1
2,32,1
2,33,1
2,34,1
2,35,2
2,36,2
2,37,1
2,38,1
2,39,1
2,40,2
2,41,2
2,42,1
2,43,0
2,44,2
2,45,2
2,46,2
2,47,1
2,48,1
2,49,2
2,50,2
2,51,2
2,52,1
2,53,1
2,54,1
2,55,1
2,56,1
2,57,2
2,58,2
2,59,1
2,60,2
2,61,1
2,62,1
2,63,2
2,64,2
2,65,1
2,66,1
2,67,2
2,68,1
2,69,2
2,70,2
2,71,1
2,72,2
2,73,1
2,74,2
2,75,1
2,76,0
2,77,1
2,78,1
2,79,1
2,80,1
2,81,2
2,82,1
2,83,2
2,84,2
2,85,2
2,86,2
2,87,1
2,88,2
2,89,1
2,90,2
2,91,1
2,92,1
2,93,1
2,94,2
2,95,2
2,96,2
2,97,2
2,98,1
2,99,2
3,0,2
3,1,2
3,2,2
3,3,2
3,4,2
3,5,2
3,6,2
3,7,2
3,8,2
3,9,2
3,10,2
3,11,2
3,12,2
3,13,2
3,14,1
3,15,2
3,16,1
3,17,2
3,18,2
3,19,2
3,20,1
3,21,1
3,22,2
3,23,1
3,24,2
3,25,2
3,26,2
3,27,2
3,28,2
3,29,2
3,30,2
3,31,2
3,32,2
3,33,2
3,34,2
3,35,2
3,36,2
3,37,2
3,38,2
3,39,2
3,40,2
3,41,2
3,42,2
3,43,2
3,44,2
3,45,2
3,46,2
3,47,2
3,48,2
3,49,2
3,50,2
3,51,2
3,52,1
3,53,0
3,54,2
3,55,2
3,56,2
3,57,2
3,58,2
3,59,2
3,60,1
3,61,2
3,62,1
3,63,1
3,64,2
3,65,2
3,66,2
3,67,2
3,68,1
3,69,2
3,70,2
3,71,2
3,72,2
3,73,2
3,74,2
3,75,1
3,76,2
3,77,2
3,78,2
3,79,2
3,80,2
3,81,2
3,82,2
3,83,2
3,84,2
3,85,2
3,86,2
3,87,0
3,88,2
3,89,1
3,90,2
3,91,2
3,92,1
3,93,2
3,94,2
3,95,2
3,96,2
3,97,2
3,98,2
3,99,2
4,0,1
4,1,2
4,2,2
4,3,1
4,4,2
4,5,2
4,6,2
4,7,2
4,8,2
4,9,2
4,10,1
4,11,1
4,12,2
4,13,1
4,14,1
4,15,2
4,16,1
4,17,1
4,18,2
4,19,2
4,20,1
4,21,1
4,22,1
4,23,1
4,24,2
4,25,2
4,26,2
4,27,1
4,28,1
4,29,2
4,30,2
4,31,1
4,32,2
4,33,2
4,34,2
4,35,1
4,36,1
4,37,2
4,38,1
4,39,1
4,40,2
4,41,2
4,42,1
4,43,2
4,44,2
4,45,2
4,46,2
4,47,2
4,48,1
4,49,2
4,50,2
4,51,2
4,52,1
4,53,1
4,54,1
4,55,2
4,56,1
4,57,1
4,58,1
4,59,2
4,60,1
4,61,1
4,62,1
4,63,1
4,64,2
4,65,1
4,66,1
4,67,2
4,68,1
4,69,2
4,70,1
4,71,1
4,72,2
4,73,1
4,74,2
4,75,1
4,76,2
4,77,2
4,78,2
4,79,1
4,80,1
4,81,1
4,82,1
4,83,2
4,84,2
4,85,2
4,86,2
4,87,1
4,88,2
4,89,1
4,90,2
4,91,1
4,92,1
4,93,1
4,94,2
4,95,1
4,96,2
4,97,1
4,98,2
4,99,2
5,0,1
5,1,2
5,2,2
5,3,1
5,4,2
5,5,2
5,6,1
5,7,2
5,8,1
5,9,2
5,10,1
5,11,1
5,12,2
5,13,1
5,14,1
5,15,1
5,16,1
5,17,1
5,18,2
5,19,1
5,20,1
5,21,1
5,22,1
5,23,1
5,24,2
5,25,1
5,26,2
5,27,1
5,28,1
5,29,1
5,30,2
5,31,1
5,32,1
5,33,1
5,34,2
5,35,1
5,36,2
5,37,1
5,38,1
5,39,1
5,40,2
5,41,2
5,42,1
5,43,1
5,44,2
5,45,1
5,46,2
5,47,1
5,48,1
5,49,2
5,50,1
5,51,2
5,52,1
5,53,1
5,54,1
5,55,2
5,56,1
5,57,2
5,58,1
5,59,2
5,60,1
5,61,1
5,62,1
5,63,1
5,64,2
5,65,1
5,66,1
5,67,0
5,68,1
5,69,2
5,70,2
5,71,1
5,72,2
5,73,1
5,74,2
5,75,1
5,76,2
5,77,1
5,78,1
5,79,1
5,80,1
5,81,1
5,82,1
5,83,2
5,84,2
5,85,2
5,86,2
5,87,1
5,88,2
5,89,1
5,90,2
5,91,1
5,92,1
5,93,1
5,94,2
5,95,1
5,96,2
5,97,1
5,98,1
5,99,0
6,0,2
6,1,2
6,2,2
6,3,2
6,4,2
6,5,2
6,6,2
6,7,2
6,8,2
6,9,2
6,10,1
6,11,2
6,12,2
6,13,2
6,14,1
6,15,2
6,16,1
6,17,2
6,18,2
6,19,2
6,20,1
6,21,1
6,22,1
6,23,1
6,24,2
6,25,2
6,26,2
6,27,2
6,28,2
6,29,2
6,30,2
6,31,2
6,32,2
6,33,2
6,34,2
6,35,2
6,36,2
6,37,2
6,38,1
6,39,1
6,40,2
6,41,2
6,42,1
6,43,2
6,44,2
6,45,2
6,46,2
6,47,2
6,48,1
6,49,2
6,50,2
6,51,2
6,52,1
6,53,1
6,54,2
6,55,2
6,56,1
6,57,2
6,58,2
6,59,2
6,60,1
6,61,1
6,62,1
6,63,1
6,64,2
6,65,2
6,66,2
6,67,2
6,68,1
6,69,2
6,70,2
6,71,2
6,72,2
6,73,2
6,74,2
6,75,1
6,76,2
6,77,2
6,78,2
6,79,1
6,80,2
6,81,2
6,82,2
6,83,2
6,84,2
6,85,2
6,86,2
6,87,1
6,88,2
6,89,2
6,90,2
6,91,2
6,92,1
6,93,2
6,94,2
6,95,2
6,96,2
6,97,2
6,98,2
6,99,2
7,0,2
7,1,2
7,2,2
7,3,1
7,4,1
7,5,2
7,6,1
7,7,1
7,8,1
7,9,2
7,10,1
7,11,2
7,12,2
7,13,1
7,14,1
7,15,1
7,16,1
7,17,0
7,18,2
7,19,1
7,20,1
7,21,1
7,22,1
7,23,1
7,24,2
7,25,2
7,26,2
7,27,1
7,28,1
7,29,1
7,30,2
7,31,1
7,32,1
7,33,1
7,34,2
7,35,1
7,36,1
7,37,1
7,38,1
7,39,1
7,40,2
7,41,2
7,42,1
7,43,1
7,44,2
7,45,2
7,46,2
7,47,1
7,48,1
7,49,2
7,50,1
7,51,2
7,52,1
7,53,1
7,54,1
7,55,2
7,56,1
7,57,2
7,58,1
7,59,2
7,60,1
7,61,1
7,62,1
7,63,1
7,64,2
7,65,1
7,66,1
7,67,2
7,68,1
7,69,1
7,70,1
7,71,1
7,72,2
7,73,1
7,74,2
7,75,1
7,76,1
7,77,2
7,78,2
7,79,1
7,80,1
7,81,1
7,82,1
7,83,2
7,84,2
7,85,1
7,86,2
7,87,1
7,88,2
7,89,1
7,90,1
7,91,1
7,92,1
7,93,1
7,94,2
7,95,2
7,96,1
7,97,1
7,98,1
7,99,2
8,0,1
8,1,2
8,2,2
8,3,1
8,4,1
8,5,2
8,6,1
8,7,1
8,8,1
8,9,2
8,10,1
8,11,1
8,12,0
8,13,1
8,14,1
8,15,1
8,16,1
8,17,1
8,18,2
8,19,1
8,20,1
8,21,1
8,22,1
8,23,1
8,24,2
8,25,1
8,26,2
8,27,1
8,28,1
8,29,1
8,30,1
8,31,1
8,32,1
8,33,1
8,34,1
8,35,1
8,36,1
8,37,1
8,38,1
8,39,1
8,40,2
8,41,2
8,42,1
8,43,1
8,44,2
8,45,2
8,46,2
8,47,1
8,48,1
8,49,2
8,50,1
8,51,2
8,52,1
8,53,1
8,54,1
8,55,1
8,56,1
8,57,2
8,58,1
8,59,1
8,60,1
8,61,1
8,62,1
8,63,1
8,64,2
8,65,1
8,66,1
8,67,1
8,68,1
8,69,1
8,70,1
8,71,1
8,72,2
8,73,1
8,74,2
8,75,1
8,76,1
8,77,1
8,78,1
8,79,1
8,80,1
8,81,1
8,82,1
8,83,1
8,84,2
8,85,1
8,86,1
8,87,1
8,88,2
8,89,1
8,90,1
8,91,1
8,92,0
8,93,1
8,94,2
8,95,2
8,96,1
8,97,1
8,98,1
8,99,1
9,0,2
9,1,2
9,2,2
9,3,2
9,4,2
9,5,2
9,6,2
9,7,2
9,8,2
9,9,2
9,10,2
9,11,2
9,12,2
9,13,2
9,14,1
9,15,2
9,16,1
9,17,2
9,18,2
9,19,2
9,20,1
9,21,2
9,22,1
9,23,1
9,24,2
9,25,2
9,26,2
9,27,1
9,28,1
9,29,2
9,30,2
9,31,2
9,32,2
9,33,2
9,34,2
9,35,2
9,36,2
9,37,2
9,38,1
9,39,1
9,40,2
9,41,2
9,42,1
9,43,2
9,44,2
9,45,2
9,46,2
9,47,2
9,48,2
9,49,2
9,50,2
9,51,2
9,52,2
9,53,1
9,54,2
9,55,2
9,56,1
9,57,2
9,58,2
9,59,2
9,60,2
9,61,2
9,62,1
9,63,2
9,64,2
9,65,1
9,66,1
9,67,2
9,68,1
9,69,2
9,70,2
9,71,2
9,72,2
9,73,1
9,74,2
9,75,1
9,76,2
9,77,2
9,78,2
9,79,1
9,80,1
9,81,2
9,82,1
9,83,2
9,84,2
9,85,2
9,86,2
9,87,1
9,88,2
9,89,1
9,90,2
9,91,2
9,92,1
9,93,1
9,94,2
9,95,2
9,96,2
9,97,2
9,98,2
9,99,2
10,0,2
10,1,2
10,2,2
10,3,2
10,4,2
10,5,2
10,6,2
10,7,2
10,8,2
10,9,2
10,10,2
10,11,2
10,12,2
10,13,2
10,14,2
10,15,2
10,16,1
10,17,2
10,18,2
10,19,2
10,20,1
10,21,2
10,22,2
10,23,1
10,24,2
10,25,2
10,26,2
10,27,2
10,28,2
10,29,2
10,30,2
10,31,2
10,32,2
10,33,2
10,34,2
10,35,2
10,36,2
10,37,2
10,38,2
10,39,2
10,40,2
10,41,2
10,42,2
10,43,2
10,44,2
10,45,2
10,46,2
10,47,2
10,48,2
10,49,2
10,50,2
10,51,2
10,52,2
10,53,2
10,54,2
10,55,2
10,56,2
10,57,2
10,58,2
10,59,2
10,60,2
10,61,2
10,62,2
10,63,2
10,64,2
10,65,2
10,66,2
10,67,2
10,68,1
10,69,2
10,70,2
10,71,2
10,72,2
10,73,2
10,74,2
10,75,2
10,76,2
10,77,2
10,78,2
10,79,2
10,80,2
10,81,2
10,82,2
10,83,2
10,84,2
10,85,2
10,86,2
10,87,2
10,88,2
10,89,1
10,90,2
10,91,2
10,92,2
10,93,2
10,94,2
10,95,2
10,96,2
10,97,2
10,98,2
10,99,2
11,0,2
11,1,2
11,2,2
11,3,2
11,4,2
11,5,2
11,6,2
11,7,2
11,8,2
11,9,2
11,10,2
11,11,2
11,12,2
11,13,2
11,14,1
11,15,2
11,16,1
11,17,2
11,18,2
11,19,2
11,20,1
11,21,2
11,22,1
11,23,1
11,24,2
11,25,2
11,26,2
11,27,2
11,28,2
11,29,2
11,30,2
11,31,2
11,32,2
11,33,2
11,34,2
11,35,2
11,36,2
11,37,2
11,38,1
11,39,2
11,40,2
11,41,2
11,42,2
11,43,2
11,44,2
11,45,2
11,46,2
11,47,2
11,48,2
11,49,2
11,50,2
11,51,2
11,52,2
11,53,1
11,54,2
11,55,2
11,56,1
11,57,2
11,58,2
11,59,2
11,60,2
11,61,2
11,62,1
11,63,2
11,64,2
11,65,2
11,66,2
11,67,2
11,68,1
11,69,2
11,70,2
11,71,2
11,72,2
11,73,2
11,74,2
11,75,1
11,76,2
11,77,2
11,78,2
11,79,1
11,80,2
11,81,2
11,82,2
11,83,2
11,84,2
11,85,2
11,86,2
11,87,2
11,88,2
11,89,2
11,90,2
11,91,2
11,92,1
11,93,2
11,94,2
11,95,2
11,96,2
11,97,2
11,98,2
11,99,2
12,0,2
12,1,2
12,2,2
12,3,1
12,4,1
12,5,2
12,6,2
12,7,1
12,8,2
12,9,2
12,10,2
12,11,2
12,12,2
12,13,2
12,14,1
12,15,2
12,16,1
12,17,2
12,18,2
12,19,2
12,20,1
12,21,0
12,22,1
12,23,1
12,24,2
12,25,2
12,26,2
12,27,1
12,28,1
12,29,2
12,30,2
12,31,1
12,32,2
12,33,2
12,34,2
12,35,2
12,36,2
12,37,2
12,38,1
12,39,1
12,40,2
12,41,2
12,42,1
12,43,2
12,44,2
12,45,2
12,46,2
12,47,1
12,48,2
12,49,2
12,50,2
12,51,2
12,52,1
12,53,1
12,54,2
12,55,2
12,56,1
12,57,2
12,58,1
12,59,2
12,60,0
12,61,2
12,62,1
12,63,0
12,64,2
12,65,1
12,66,1
12,67,2
12,68,1
12,69,2
12,70,1
12,71,1
12,72,2
12,73,1
12,74,2
12,75,1
12,76,0
12,77,2
12,78,2
12,79,1
12,80,1
12,81,2
12,82,1
12,83,2
12,84,2
12,85,1
12,86,2
12,87,1
12,88,2
12,89,1
12,90,2
12,91,1
12,92,1
12,93,1
12,94,2
12,95,2
12,96,1
12,97,2
12,98,1
12,99,2
13,0,1
13,1,2
13,2,2
13,3,1
13,4,2
13,5,2
13,6,2
13,7,2
13,8,2
13,9,2
13,10,1
13,11,1
13,12,2
13,13,1
13,14,1
13,15,2
13,16,1
13,17,1
13,18,1
13,19,2
13,20,1
13,21,1
13,22,1
13,23,1
13,24,2
13,25,2
13,26,2
13,27,1
13,28,1
13,29,2
13,30,2
13,31,1
13,32,2
13,33,2
13,34,1
13,35,1
13,36,1
13,37,2
13,38,1
13,39,1
13,40,2
13,41,2
13,42,1
13,43,2
13,44,2
13,45,2
13,46,2
13,47,2
13,48,1
13,49,2
13,50,2
13,51,2
13,52,1
13,53,1
13,54,1
13,55,1
13,56,1
13,57,2
13,58,1
13,59,1
13,60,1
13,61,1
13,62,1
13,63,1
13,64,2
13,65,1
13,66,1
13,67,1
13,68,1
13,69,2
13,70,1
13,71,2
13,72,2
13,73,1
13,74,2
13,75,1
13,76,1
13,77,2
13,78,2
13,79,1
13,80,1
13,81,1
13,82,1
13,83,2
13,84,2
13,85,1
13,86,2
13,87,1
13,88,2
13,89,1
13,90,2
13,91,1
13,92,2
13,93,1
13,94,1
13,95,1
13,96,1
13,97,1
13,98,2
13,99,2
14,0,0
14,1,2
14,2,2
14,3,1
14,4,2
14,5,2
14,6,1
14,7,2
14,8,1
14,9,2
14,10,1
14,11,1
14,12,2
14,13,1
14,14,1
14,15,1
14,16,1
14,17,0
14,18,2
14,19,2
14,20,1
14,21,1
14,22,1
14,23,1
14,24,2
14,25,1
14,26,2
14,27,1
14,28,1
14,29,1
14,30,2
14,31,1
14,32,2
14,33,2
14,34,2
14,35,2
14,36,2
14,37,2
14,38,1
14,39,1
14,40,2
14,41,2
14,42,1
14,43,2
14,44,2
14,45,2
14,46,2
14,47,1
14,48,1
14,49,2
14,50,2
14,51,2
14,52,1
14,53,1
14,54,1
14,55,2
14,56,1
14,57,2
14,58,1
14,59,2
14,60,1
14,61,1
14,62,1
14,63,1
14,64,2
14,65,1
14,66,1
14,67,2
14,68,1
14,69,2
14,70,2
14,71,1
14,72,2
14,73,1
14,74,2
14,75,1
14,76,2
14,77,2
14,78,2
14,79,1
14,80,1
14,81,2
14,82,1
14,83,2
14,84,2
14,85,2
14,86,2
14,87,1
14,88,2
14,89,1
14,90,2
14,91,1
14,92,1
14,93,1
14,94,2
14,95,2
14,96,2
14,97,1
14,98,1
14,99,2
15,0,1
15,1,2
15,2,2
15,3,1
15,4,2
15,5,2
15,6,2
15,7,2
15,8,2
15,9,2
15,10,1
15,11,1
15,12,2
15,13,1
15,14,1
15,15,1
15,16,1
15,17,1
15,18,0
15,19,1
15,20,1
15,21,1
15,22,1
15,23,1
15,24,2
15,25,1
15,26,2
15,27,1
15,28,1
15,29,2
15,30,2
15,31,1
15,32,2
15,33,2
15,34,1
15,35,2
15,36,2
15,37,2
15,38,1
15,39,1
15,40,2
15,41,2
15,42,1
15,43,1
15,44,2
15,45,2
15,46,2
15,47,2
15,48,1
15,49,2
15,50,2
15,51,2
15,52,1
15,53,1
15,54,1
15,55,1
15,56,1
15,57,2
15,58,1
15,59,1
15,60,1
15,61,1
15,62,1
15,63,1
15,64,2
15,65,1
15,66,1
15,67,1
15,68,1
15,69,2
15,70,1
15,71,1
15,72,2
15,73,1
15,74,2
15,75,1
15,76,1
15,77,2
15,78,2
15,79,1
15,80,1
15,81,2
15,82,1
15,83,2
15,84,2
15,85,1
15,86,2
15,87,1
15,88,2
15,89,1
15,90,2
15,91,1
15,92,1
15,93,1
15,94,2
15,95,2
15,96,1
15,97,1
15,98,2
15,99,2
16,0,2
16,1,2
16,2,2
16,3,2
16,4,2
16,5,2
16,6,2
16,7,2
16,8,2
16,9,2
16,10,2
16,11,2
16,12,2
16,13,2
16,14,2
16,15,2
16,16,1
16,17,2
16,18,2
16,19,2
16,20,1
16,21,2
16,22,2
16,23,2
16,24,2
16,25,2
16,26,2
16,27,2
16,28,2
16,29,2
16,30,2
16,31,2
16,32,2
16,33,2
16,34,2
16,35,2
16,36,2
16,37,2
16,38,2
16,39,2
16,40,2
16,41,2
16,42,2
16,43,2
16,44,2
16,45,2
16,46,2
16,47,2
16,48,2
16,49,2
16,50,2
16,51,2
16,52,2
16,53,2
16,54,2
16,55,2
16,56,2
16,57,2
16,58,2
16,59,2
16,60,2
16,61,2
16,62,2
16,63,2
16,64,2
16,65,2
16,66,2
16,67,2
16,68,1
16,69,2
16,70,2
16,71,2
16,72,2
16,73,2
16,74,2
16,75,2
16,76,2
16,77,2
16,78,2
16,79,2
16,80,2
16,81,2
16,82,2
16,83,2
16,84,2
16,85,2
16,86,2
16,87,2
16,88,2
16,89,2
16,90,2
16,91,2
16,92,0
16,93,2
16,94,2
16,95,2
16,96,2
16,97,2
16,98,2
16,99,2
17,0,2
17,1,2
17,2,2
17,3,1
17,4,1
17,5,2
17,6,1
17,7,2
17,8,1
17,9,2
17,10,1
17,11,1
17,12,2
17,13,1
17,14,1
17,15,1
17,16,1
17,17,2
17,18,2
17,19,1
17,20,1
17,21,1
17,22,1
17,23,1
17,24,2
17,25,1
17,26,2
17,27,1
17,28,1
17,29,1
17,30,2
17,31,1
17,32,1
17,33,1
17,34,1
17,35,2
17,36,1
17,37,1
17,38,1
17,39,1
17,40,2
17,41,2
17,42,1
17,43,1
17,44,2
17,45,2
17,46,2
17,47,1
17,48,1
17,49,2
17,50,2
17,51,2
17,52,1
17,53,1
17,54,1
17,55,1
17,56,1
17,57,2
17,58,1
17,59,1
17,60,1
17,61,1
17,62,0
17,63,1
17,64,2
17,65,1
17,66,1
17,67,2
17,68,1
17,69,2
17,70,1
17,71,1
17,72,2
17,73,1
17,74,2
17,75,2
17,76,1
17,77,2
17,78,1
17,79,1
17,80,1
17,81,2
17,82,1
17,83,2
17,84,2
17,85,1
17,86,2
17,87,1
17,88,2
17,89,1
17,90,2
17,91,1
17,92,2
17,93,1
17,94,2
17,95,2
17,96,1
17,97,1
17,98,1
17,99,2
18,0,2
18,1,2
18,2,2
18,3,1
18,4,2
18,5,2
18,6,2
18,7,2
18,8,2
18,9,2
18,10,1
18,11,2
18,12,2
18,13,1
18,14,1
18,15,2
18,16,1
18,17,2
18,18,2
18,19,2
18,20,1
18,21,2
18,22,1
18,23,1
18,24,2
18,25,2
18,26,2
18,27,0
18,28,1
18,29,2
18,30,2
18,31,1
18,32,2
18,33,2
18,34,2
18,35,2
18,36,2
18,37,2
18,38,2
18,39,1
18,40,2
18,41,2
18,42,1
18,43,2
18,44,2
18,45,2
18,46,2
18,47,0
18,48,1
18,49,2
18,50,2
18,51,2
18,52,1
18,53,1
18,54,1
18,55,2
18,56,1
18,57,2
18,58,2
18,59,2
18,60,2
18,61,1
18,62,1
18,63,2
18,64,2
18,65,1
18,66,1
18,67,2
18,68,1
18,69,2
18,70,2
18,71,1
18,72,2
18,73,1
18,74,2
18,75,1
18,76,2
18,77,2
18,78,2
18,79,1
18,80,1
18,81,2
18,82,1
18,83,2
18,84,2
18,85,2
18,86,2
18,87,1
18,88,2
18,89,1
18,90,2
18,91,1
18,92,2
18,93,1
18,94,2
18,95,2
18,96,2
18,97,1
18,98,0
18,99,2
19,0,2
19,1,2
19,2,2
19,3,2
19,4,2
19,5,2
19,6,1
19,7,2
19,8,2
19,9,2
19,10,1
19,11,2
19,12,2
19,13,2
19,14,1
19,15,1
19,16,1
19,17,1
19,18,2
19,19,2
19,20,1
19,21,1
19,22,1
19,23,1
19,24,2
19,25,2
19,26,2
19,27,1
19,28,1
19,29,1
19,30,2
19,31,2
19,32,2
19,33,2
19,34,2
19,35,2
19,36,2
19,37,2
19,38,2
19,39,1
19,40,2
19,41,2
19,42,1
19,43,2
19,44,2
19,45,2
19,46,2
19,47,2
19,48,1
19,49,2
19,50,2
19,51,2
19,52,2
19,53,1
19,54,1
19,55,2
19,56,1
19,57,2
19,58,2
19,59,2
19,60,1
19,61,1
19,62,1
19,63,1
19,64,2
19,65,1
19,66,1
19,67,2
19,68,1
19,69,2
19,70,2
19,71,2
19,72,2
19,73,1
19,74,2
19,75,2
19,76,2
19,77,2
19,78,2
19,79,1
19,80,1
19,81,2
19,82,1
19,83,2
19,84,2
19,85,2
19,86,2
19,87,1
19,88,2
19,89,1
19,90,2
19,91,2
19,92,1
19,93,1
19,94,2
19,95,2
19,96,2
19,97,2
19,98,2
19,99,2
20,0,1
20,1,2
20,2,1
20,3,1
20,4,1
20,5,2
20,6,1
20,7,2
20,8,1
20,9,2
20,10,2
20,11,1
20,12,1
20,13,2
20,14,1
20,15,1
20,16,1
20,17,1
20,18,1
20,19,1
20,20,1
20,21,1
20,22,1
20,23,1
20,24,2
20,25,1
20,26,2
20,27,1
20,28,1
20,29,1
20,30,2
20,31,1
20,32,1
20,33,1
20,34,2
20,35,1
20,36,2
20,37,1
20,38,1
20,39,1
20,40,2
20,41,2
20,42,1
20,43,1
20,44,2
20,45,2
20,46,2
20,47,1
20,48,2
20,49,2
20,50,1
20,51,2
20,52,1
20,53,1
20,54,1
20,55,1
20,56,1
20,57,2
20,58,1
20,59,2
20,60,1
20,61,2
20,62,1
20,63,1
20,64,2
20,65,1
20,66,1
20,67,1
20,68,1
20,69,1
20,70,1
20,71,1
20,72,2
20,73,1
20,74,1
20,75,1
20,76,1
20,77,1
20,78,2
20,79,1
20,80,1
20,81,1
20,82,1
20,83,2
20,84,2
20,85,1
20,86,2
20,87,1
20,88,2
20,89,1
20,90,1
20,91,1
20,92,1
20,93,1
20,94,2
20,95,2
20,96,1
20,97,2
20,98,1
20,99,2
21,0,2
21,1,2
21,2,2
21,3,2
21,4,2
21,5,2
21,6,2
21,7,2
21,8,2
21,9,2
21,10,2
21,11,2
21,12,2
21,13,2
21,14,2
21,15,2
21,16,1
21,17,2
21,18,2
21,19,2
21,20,2
21,21,2
21,22,2
21,23,2
21,24,2
21,25,2
21,26,2
21,27,2
21,28,2
21,29,2
21,30,2
21,31,2
21,32,2
21,33,2
21,34,2
21,35,2
21,36,2
21,37,2
21,38,2
21,39,2
21,40,2
21,41,2
21,42,2
21,43,2
21,44,2
21,45,2
21,46,2
21,47,2
21,48,2
21,49,2
21,50,2
21,51,2
21,52,2
21,53,2
21,54,2
21,55,2
21,56,2
21,57,2
21,58,2
21,59,2
21,60,2
21,61,2
21,62,2
21,63,2
21,64,2
21,65,2
21,66,2
21,67,2
21,68,2
21,69,2
21,70,2
21,71,2
21,72,2
21,73,2
21,74,2
21,75,2
21,76,2
21,77,2
21,78,2
21,79,2
21,80,2
21,81,2
21,82,2
21,83,2
21,84,2
21,85,2
21,86,2
21,87,2
21,88,2
21,89,2
21,90,2
21,91,2
21,92,2
21,93,2
21,94,2
21,95,2
21,96,2
21,97,2
21,98,2
21,99,2
22,0,2
22,1,2
22,2,2
22,3,2
22,4,2
22,5,2
22,6,2
22,7,2
22,8,2
22,9,2
22,10,2
22,11,2
22,12,2
22,13,2
22,14,1
22,15,2
22,16,1
22,17,2
22,18,2
22,19,2
22,20,1
22,21,2
22,22,1
22,23,1
22,24,2
22,25,2
22,26,2
22,27,2
22,28,2
22,29,2
22,30,2
22,31,2
22,32,2
22,33,2
22,34,2
22,35,2
22,36,2
22,37,2
22,38,1
22,39,1
22,40,2
22,41,2
22,42,2
22,43,2
22,44,2
22,45,2
22,46,2
22,47,2
22,48,2
22,49,2
22,50,2
22,51,2
22,52,2
22,53,2
22,54,2
22,55,2
22,56,1
22,57,2
22,58,2
22,59,2
22,60,2
22,61,2
22,62,2
22,63,2
22,64,2
22,65,2
22,66,2
22,67,2
22,68,1
22,69,2
22,70,0
22,71,2
22,72,2
22,73,1
22,74,2
22,75,1
22,76,2
22,77,2
22,78,2
22,79,1
22,80,1
22,81,2
22,82,2
22,83,2
22,84,2
22,85,2
22,86,2
22,87,2
22,88,2
22,89,1
22,90,2
22,91,2
22,92,2
22,93,2
22,94,2
22,95,2
22,96,2
22,97,2
22,98,2
22,99,2
23,0,2
23,1,2
23,2,2
23,3,1
23,4,2
23,5,2
23,6,2
23,7,2
23,8,2
23,9,2
23,10,2
23,11,2
23,12,2
23,13,2
23,14,2
23,15,2
23,16,1
23,17,1
23,18,2
23,19,2
23,20,1
23,21,1
23,22,1
23,23,1
23,24,2
23,25,2
23,26,2
23,27,1
23,28,1
23,29,2
23,30,2
23,31,1
23,32,2
23,33,2
23,34,2
23,35,1
23,36,1
23,37,2
23,38,2
23,39,1
23,40,2
23,41,2
23,42,1
23,43,2
23,44,2
23,45,2
23,46,2
23,47,2
23,48,2
23,49,2
23,50,2
23,51,2
23,52,2
23,53,1
23,54,1
23,55,2
23,56,1
23,57,2
23,58,1
23,59,2
23,60,1
23,61,2
23,62,2
23,63,1
23,64,2
23,65,1
23,66,1
23,67,2
23,68,1
23,69,2
23,70,2
23,71,2
23,72,2
23,73,1
23,74,2
23,75,2
23,76,2
23,77,2
23,78,2
23,79,1
23,80,1
23,81,1
23,82,1
23,83,2
23,84,2
23,85,2
23,86,2
23,87,1
23,88,2
23,89,1
23,90,2
23,91,1
23,92,1
23,93,1
23,94,2
23,95,2
23,96,2
23,97,1
23,98,2
23,99,2
24,0,1
24,1,2
24,2,2
24,3,2
24,4,2
24,5,2
24,6,2
24,7,2
24,8,2
24,9,2
24,10,2
24,11,2
24,12,2
24,13,2
24,14,1
24,15,2
24,16,1
24,17,1
24,18,2
24,19,2
24,20,1
24,21,1
24,22,1
24,23,1
24,24,2
24,25,2
24,26,2
24,27,1
24,28,1
24,29,2
24,30,2
24,31,2
24,32,2
24,33,2
24,34,2
24,35,2
24,36,2
24,37,2
24,38,1
24,39,1
24,40,2
24,41,2
24,42,1
24,43,2
24,44,2
24,45,2
24,46,2
24,47,2
24,48,2
24,49,2
24,50,2
24,51,2
24,52,1
24,53,1
24,54,2
24,55,2
24,56,1
24,57,2
24,58,1
24,59,2
24,60,1
24,61,2
24,62,1
24,63,1
24,64,2
24,65,1
24,66,1
24,67,2
24,68,1
24,69,2
24,70,2
24,71,2
24,72,2
24,73,1
24,74,2
24,75,1
24,76,2
24,77,2
24,78,2
24,79,1
24,80,1
24,81,2
24,82,1
24,83,2
24,84,2
24,85,2
24,86,2
24,87,1
24,88,2
24,89,1
24,90,2
24,91,2
24,92,1
24,93,1
24,94,2
24,95,2
24,96,2
24,97,2
24,98,2
24,99,2
25,0,2
25,1,2
25,2,2
25,3,2
25,4,2
25,5,2
25,6,2
25,7,2
25,8,2
25,9,2
25,10,2
25,11,2
25,12,2
25,13,2
25,14,2
25,15,2
25,16,1
25,17,2
25,18,2
25,19,2
25,20,2
25,21,2
25,22,1
25,23,1
25,24,2
25,25,2
25,26,2
25,27,2
25,28,2
25,29,2
25,30,2
25,31,2
25,32,2
25,33,2
25,34,2
25,35,2
25,36,2
25,37,2
25,38,2
25,39,2
25,40,2
25,41,2
25,42,2
25,43,2
25,44,2
25,45,2
25,46,2
25,47,2
25,48,2
25,49,2
25,50,2
25,51,2
25,52,2
25,53,2
25,54,1
25,55,2
25,56,2
25,57,2
25,58,2
25,59,2
25,60,2
25,61,2
25,62,2
25,63,2
25,64,2
25,65,1
25,66,2
25,67,2
25,68,2
25,69,2
25,70,2
25,71,2
25,72,2
25,73,2
25,74,2
25,75,2
25,76,2
25,77,2
25,78,2
25,79,1
25,80,2
25,81,2
25,82,1
25,83,2
25,84,2
25,85,2
25,86,2
25,87,2
25,88,2
25,89,2
25,90,2
25,91,2
25,92,1
25,93,2
25,94,2
25,95,2
25,96,2
25,97,1
25,98,2
25,99,2
26,0,2
26,1,2
26,2,2
26,3,2
26,4,2
26,5,2
26,6,2
26,7,2
26,8,2
26,9,2
26,10,2
26,11,2
26,12,2
26,13,2
26,14,1
26,15,2
26,16,1
26,17,2
26,18,2
26,19,2
26,20,1
26,21,2
26,22,1
26,23,1
26,24,2
26,25,2
26,26,2
26,27,1
26,28,1
26,29,2
26,30,2
26,31,2
26,32,2
26,33,2
26,34,2
26,35,2
26,36,2
26,37,2
26,38,2
26,39,0
26,40,2
26,41,2
26,42,1
26,43,2
26,44,2
26,45,2
26,46,2
26,47,2
26,48,2
26,49,2
26,50,0
26,51,2
26,52,2
26,53,1
26,54,2
26,55,2
26,56,1
26,57,2
26,58,2
26,59,2
26,60,2
26,61,2
26,62,1
26,63,2
26,64,2
26,65,1
26,66,2
26,67,2
26,68,1
26,69,2
26,70,2
26,71,2
26,72,2
26,73,2
26,74,2
26,75,2
26,76,2
26,77,2
26,78,2
26,79,1
26,80,1
26,81,2
26,82,1
26,83,2
26,84,2
26,85,2
26,86,2
26,87,1
26,88,2
26,89,1
26,90,2
26,91,2
26,92,1
26,93,1
26,94,2
26,95,2
26,96,2
26,97,2
26,98,2
26,99,2
27,0,2
27,1,2
27,2,2
27,3,2
27,4,2
27,5,2
27,6,2
27,7,2
27,8,2
27,9,2
27,10,2
27,11,2
27,12,2
27,13,2
27,14,1
27,15,2
27,16,1
27,17,2
27,18,2
27,19,2
27,20,1
27,21,1
27,22,1
27,23,1
27,24,2
27,25,2
27,26,2
27,27,2
27,28,2
27,29,2
27,30,2
27,31,2
27,32,2
27,33,2
27,34,2
27,35,2
27,36,2
27,37,2
27,38,2
27,39,2
27,40,2
27,41,2
27,42,2
27,43,2
27,44,2
27,45,2
27,46,2
27,47,2
27,48,2
27,49,2
27,50,2
27,51,2
27,52,1
27,53,1
27,54,2
27,55,2
27,56,1
27,57,2
27,58,2
27,59,2
27,60,1
27,61,2
27,62,1
27,63,1
27,64,2
27,65,1
27,66,2
27,67,2
27,68,1
27,69,2
27,70,2
27,71,1
27,72,2
27,73,1
27,74,2
27,75,1
27,76,2
27,77,2
27,78,2
27,79,1
27,80,1
27,81,2
27,82,0
27,83,2
27,84,2
27,85,2
27,86,2
27,87,1
27,88,2
27,89,1
27,90,2
27,91,2
27,92,2
27,93,2
27,94,2
27,95,2
27,96,2
27,97,2
27,98,2
27,99,2
28,0,2
28,1,2
28,2,2
28,3,2
28,4,2
28,5,2
28,6,2
28,7,2
28,8,2
28,9,2
28,10,2
28,11,2
28,12,2
28,13,2
28,14,1
28,15,2
28,16,1
28,17,1
28,18,2
28,19,2
28,20,1
28,21,1
28,22,1
28,23,1
28,24,2
28,25,2
28,26,2
28,27,1
28,28,1
28,29,2
28,30,2
28,31,2
28,32,2
28,33,2
28,34,2
28,35,2
28,36,2
28,37,2
28,38,1
28,39,1
28,40,2
28,41,2
28,42,2
28,43,2
28,44,2
28,45,2
28,46,2
28,47,2
28,48,2
28,49,2
28,50,2
28,51,2
28,52,2
28,53,1
28,54,2
28,55,2
28,56,2
28,57,2
28,58,1
28,59,2
28,60,1
28,61,2
28,62,2
28,63,1
28,64,2
28,65,1
28,66,2
28,67,2
28,68,1
28,69,2
28,70,2
28,71,2
28,72,2
28,73,1
28,74,2
28,75,2
28,76,2
28,77,2
28,78,2
28,79,1
28,80,1
28,81,2
28,82,1
28,83,2
28,84,2
28,85,2
28,86,2
28,87,1
28,88,2
28,89,1
28,90,2
28,91,2
28,92,1
28,93,1
28,94,2
28,95,2
28,96,2
28,97,2
28,98,2
28,99,2
29,0,2
29,1,2
29,2,2
29,3,1
29,4,2
29,5,2
29,6,2
29,7,2
29,8,2
29,9,2
29,10,0
29,11,2
29,12,2
29,13,2
29,14,1
29,15,2
29,16,1
29,17,2
29,18,2
29,19,2
29,20,1
29,21,1
29,22,1
29,23,1
29,24,2
29,25,2
29,26,2
29,27,1
29,28,1
29,29,2
29,30,2
29,31,1
29,32,2
29,33,2
29,34,2
29,35,2
29,36,2
29,37,2
29,38,1
29,39,1
29,40,2
29,41,2
29,42,1
29,43,2
29,44,2
29,45,2
29,46,2
29,47,2
29,48,2
29,49,2
29,50,2
29,51,2
29,52,2
29,53,1
29,54,2
29,55,2
29,56,1
29,57,2
29,58,2
29,59,2
29,60,1
29,61,0
29,62,1
29,63,1
29,64,2
29,65,1
29,66,1
29,67,2
29,68,1
29,69,2
29,70,2
29,71,0
29,72,2
29,73,1
29,74,2
29,75,1
29,76,2
29,77,2
29,78,2
29,79,1
29,80,1
29,81,2
29,82,1
29,83,2
29,84,2
29,85,2
29,86,2
29,87,1
29,88,2
29,89,1
29,90,2
29,91,1
29,92,1
29,93,1
29,94,2
29,95,2
29,96,2
29,97,2
29,98,2
29,99,2
30,0,2
30,1,2
30,2,2
30,3,2
30,4,2
30,5,2
30,6,2
30,7,2
30,8,2
30,9,2
30,10,2
30,11,2
30,12,2
30,13,2
30,14,1
30,15,2
30,16,1
30,17,2
30,18,2
30,19,2
30,20,1
30,21,2
30,22,1
30,23,1
30,24,2
30,25,2
30,26,2
30,27,2
30,28,2
30,29,2
30,30,2
30,31,2
30,32,2
30,33,2
30,34,2
30,35,2
30,36,2
30,37,2
30,38,1
30,39,1
30,40,2
30,41,2
30,42,1
30,43,2
30,44,2
30,45,2
30,46,2
30,47,2
30,48,2
30,49,2
30,50,2
30,51,2
30,52,2
30,53,2
30,54,2
30,55,2
30,56,1
30,57,2
30,58,2
30,59,2
30,60,2
30,61,2
30,62,0
30,63,2
30,64,2
30,65,0
30,66,2
30,67,2
30,68,1
30,69,2
30,70,2
30,71,2
30,72,2
30,73,1
30,74,2
30,75,1
30,76,2
30,77,2
30,78,2
30,79,1
30,80,1
30,81,2
30,82,1
30,83,2
30,84,2
30,85,2
30,86,2
30,87,0
30,88,2
30,89,1
30,90,2
30,91,2
30,92,1
30,93,1
30,94,2
30,95,2
30,96,2
30,97,2
30,98,2
30,99,2
31,0,2
31,1,2
31,2,2
31,3,2
31,4,2
31,5,2
31,6,2
31,7,2
31,8,2
31,9,2
31,10,2
31,11,2
31,12,2
31,13,2
31,14,1
31,15,2
31,16,1
31,17,1
31,18,2
31,19,2
31,20,1
31,21,2
31,22,1
31,23,1
31,24,2
31,25,2
31,26,2
31,27,2
31,28,1
31,29,2
31,30,2
31,31,2
31,32,2
31,33,2
31,34,2
31,35,2
31,36,2
31,37,2
31,38,1
31,39,2
31,40,2
31,41,2
31,42,2
31,43,2
31,44,2
31,45,2
31,46,2
31,47,2
31,48,2
31,49,2
31,50,2
31,51,2
31,52,2
31,53,2
31,54,2
31,55,2
31,56,1
31,57,2
31,58,2
31,59,2
31,60,2
31,61,2
31,62,1
31,63,2
31,64,2
31,65,1
31,66,2
31,67,2
31,68,1
31,69,2
31,70,2
31,71,2
31,72,2
31,73,2
31,74,2
31,75,1
31,76,2
31,77,2
31,78,2
31,79,1
31,80,1
31,81,2
31,82,1
31,83,2
31,84,2
31,85,2
31,86,2
31,87,1
31,88,2
31,89,1
31,90,2
31,91,2
31,92,1
31,93,1
31,94,2
31,95,2
31,96,2
31,97,2
31,98,2
31,99,2
32,0,0
32,1,2
32,2,2
32,3,1
32,4,1
32,5,2
32,6,1
32,7,0
32,8,0
32,9,2
32,10,1
32,11,1
32,12,2
32,13,1
32,14,1
32,15,1
32,16,1
32,17,1
32,18,2
32,19,2
32,20,1
32,21,1
32,22,1
32,23,1
32,24,2
32,25,2
32,26,2
32,27,2
32,28,1
32,29,1
32,30,2
32,31,1
32,32,1
32,33,1
32,34,2
32,35,1
32,36,1
32,37,1
32,38,1
32,39,1
32,40,2
32,41,2
32,42,1
32,43,1
32,44,2
32,45,2
32,46,2
32,47,1
32,48,1
32,49,2
32,50,1
32,51,2
32,52,1
32,53,1
32,54,1
32,55,2
32,56,1
32,57,2
32,58,1
32,59,2
32,60,1
32,61,1
32,62,1
32,63,1
32,64,2
32,65,1
32,66,1
32,67,2
32,68,1
32,69,2
32,70,1
32,71,1
32,72,2
32,73,1
32,74,2
32,75,2
32,76,1
32,77,0
32,78,2
32,79,1
32,80,1
32,81,1
32,82,1
32,83,2
32,84,2
32,85,1
32,86,2
32,87,1
32,88,2
32,89,1
32,90,1
32,91,1
32,92,2
32,93,1
32,94,2
32,95,2
32,96,1
32,97,1
32,98,1
32,99,2
33,0,2
33,1,2
33,2,2
33,3,2
33,4,2
33,5,2
33,6,2
33,7,2
33,8,2
33,9,2
33,10,2
33,11,2
33,12,2
33,13,2
33,14,1
33,15,2
33,16,1
33,17,2
33,18,2
33,19,2
33,20,1
33,21,2
33,22,1
33,23,1
33,24,2
33,25,2
33,26,2
33,27,1
33,28,1
33,29,2
33,30,2
33,31,2
33,32,2
33,33,2
33,34,2
33,35,1
33,36,2
33,37,2
33,38,1
33,39,1
33,40,2
33,41,2
33,42,1
33,43,2
33,44,2
33,45,2
33,46,2
33,47,2
33,48,2
33,49,2
33,50,2
33,51,2
33,52,2
33,53,1
33,54,2
33,55,2
33,56,1
33,57,2
33,58,1
33,59,2
33,60,2
33,61,2
33,62,2
33,63,2
33,64,2
33,65,1
33,66,1
33,67,2
33,68,1
33,69,2
33,70,2
33,71,2
33,72,2
33,73,1
33,74,2
33,75,2
33,76,1
33,77,2
33,78,2
33,79,1
33,80,1
33,81,1
33,82,1
33,83,2
33,84,2
33,85,2
33,86,2
33,87,1
33,88,2
33,89,1
33,90,2
33,91,2
33,92,1
33,93,1
33,94,2
33,95,2
33,96,2
33,97,2
33,98,2
33,99,2
34,0,2
34,1,2
34,2,2
34,3,2
34,4,2
34,5,2
34,6,2
34,7,2
34,8,2
34,9,2
34,10,2
34,11,2
34,12,2
34,13,2
34,14,2
34,15,2
34,16,1
34,17,2
34,18,2
34,19,2
34,20,1
34,21,2
34,22,1
34,23,2
34,24,2
34,25,2
34,26,2
34,27,2
34,28,2
34,29,2
34,30,2
34,31,2
34,32,2
34,33,2
34,34,2
34,35,2
34,36,2
34,37,2
34,38,1
34,39,1
34,40,2
34,41,2
34,42,2
34,43,2
34,44,2
34,45,2
34,46,2
34,47,2
34,48,2
34,49,2
34,50,2
34,51,2
34,52,2
34,53,2
34,54,2
34,55,2
34,56,1
34,57,2
34,58,2
34,59,2
34,60,2
34,61,2
34,62,2
34,63,2
34,64,2
34,65,2
34,66,2
34,67,2
34,68,2
34,69,2
34,70,1
34,71,2
34,72,2
34,73,2
34,74,2
34,75,2
34,76,2
34,77,2
34,78,2
34,79,1
34,80,1
34,81,2
34,82,2
34,83,2
34,84,2
34,85,2
34,86,2
34,87,2
34,88,2
34,89,1
34,90,2
34,91,2
34,92,2
34,93,2
34,94,2
34,95,2
34,96,2
34,97,2
34,98,2
34,99,2
35,0,1
35,1,2
35,2,2
35,3,2
35,4,2
35,5,2
35,6,1
35,7,1
35,8,1
35,9,2
35,10,1
35,11,1
35,12,2
35,13,1
35,14,1
35,15,1
35,16,1
35,17,1
35,18,1
35,19,0
35,20,1
35,21,1
35,22,1
35,23,1
35,24,1
35,25,1
35,26,2
35,27,1
35,28,1
35,29,1
35,30,1
35,31,2
35,32,2
35,33,1
35,34,1
35,35,1
35,36,1
35,37,2
35,38,2
35,39,1
35,40,2
35,41,2
35,42,1
35,43,2
35,44,2
35,45,2
35,46,2
35,47,1
35,48,1
35,49,1
35,50,1
35,51,2
35,52,1
35,53,1
35,54,1
35,55,1
35,56,1
35,57,1
35,58,1
35,59,1
35,60,1
35,61,1
35,62,1
35,63,1
35,64,2
35,65,1
35,66,1
35,67,1
35,68,1
35,69,2
35,70,2
35,71,1
35,72,2
35,73,1
35,74,2
35,75,1
35,76,2
35,77,2
35,78,1
35,79,1
35,80,1
35,81,1
35,82,1
35,83,2
35,84,2
35,85,1
35,86,2
35,87,1
35,88,2
35,89,1
35,90,2
35,91,2
35,92,1
35,93,1
35,94,2
35,95,1
35,96,1
35,97,1
35,98,1
35,99,2
36,0,1
36,1,2
36,2,1
36,3,2
36,4,2
36,5,2
36,6,2
36,7,2
36,8,2
36,9,2
36,10,0
36,11,1
36,12,2
36,13,2
36,14,1
36,15,1
36,16,1
36,17,1
36,18,2
36,19,2
36,20,1
36,21,1
36,22,1
36,23,1
36,24,2
36,25,2
36,26,2
36,27,1
36,28,1
36,29,2
36,30,2
36,31,2
36,32,2
36,33,1
36,34,2
36,35,1
36,36,1
36,37,2
36,38,1
36,39,1
36,40,2
36,41,2
36,42,1
36,43,1
36,44,2
36,45,2
36,46,2
36,47,2
36,48,1
36,49,2
36,50,2
36,51,2
36,52,1
36,53,1
36,54,1
36,55,1
36,56,1
36,57,2
36,58,1
36,59,2
36,60,1
36,61,0
36,62,1
36,63,1
36,64,2
36,65,1
36,66,1
36,67,1
36,68,1
36,69,2
36,70,1
36,71,1
36,72,2
36,73,1
36,74,2
36,75,1
36,76,1
36,77,2
36,78,2
36,79,1
36,80,1
36,81,1
36,82,1
36,83,2
36,84,2
36,85,2
36,86,2
36,87,1
36,88,2
36,89,1
36,90,2
36,91,2
36,92,1
36,93,1
36,94,2
36,95,2
36,96,2
36,97,1
36,98,2
36,99,2
37,0,2
37,1,2
37,2,2
37,3,2
37,4,2
37,5,2
37,6,2
37,7,2
37,8,2
37,9,2
37,10,2
37,11,2
37,12,2
37,13,2
37,14,2
37,15,2
37,16,1
37,17,2
37,18,2
37,19,2
37,20,2
37,21,2
37,22,1
37,23,1
37,24,2
37,25,2
37,26,2
37,27,2
37,28,2
37,29,2
37,30,2
37,31,2
37,32,2
37,33,2
37,34,2
37,35,2
37,36,2
37,37,2
37,38,2
37,39,2
37,40,2
37,41,2
37,42,1
37,43,2
37,44,2
37,45,2
37,46,2
37,47,2
37,48,2
37,49,2
37,50,2
37,51,2
37,52,2
37,53,1
37,54,2
37,55,2
37,56,1
37,57,2
37,58,2
37,59,2
37,60,2
37,61,2
37,62,2
37,63,2
37,64,2
37,65,2
37,66,1
37,67,2
37,68,2
37,69,2
37,70,2
37,71,2
37,72,2
37,73,2
37,74,2
37,75,2
37,76,2
37,77,2
37,78,2
37,79,1
37,80,1
37,81,2
37,82,1
37,83,2
37,84,2
37,85,2
37,86,2
37,87,1
37,88,2
37,89,1
37,90,2
37,91,2
37,92,2
37,93,2
37,94,2
37,95,2
37,96,2
37,97,2
37,98,2
37,99,2
38,0,2
38,1,2
38,2,2
38,3,1
38,4,2
38,5,2
38,6,2
38,7,2
38,8,2
38,9,2
38,10,2
38,11,2
38,12,2
38,13,2
38,14,1
38,15,2
38,16,1
38,17,1
38,18,2
38,19,2
38,20,1
38,21,1
38,22,1
38,23,1
38,24,2
38,25,2
38,26,2
38,27,1
38,28,1
38,29,2
38,30,2
38,31,1
38,32,2
38,33,2
38,34,2
38,35,2
38,36,2
38,37,2
38,38,1
38,39,1
38,40,2
38,41,2
38,42,1
38,43,2
38,44,2
38,45,2
38,46,2
38,47,2
38,48,2
38,49,2
38,50,2
38,51,2
38,52,2
38,53,1
38,54,2
38,55,2
38,56,1
38,57,2
38,58,1
38,59,2
38,60,1
38,61,2
38,62,1
38,63,1
38,64,2
38,65,1
38,66,1
38,67,2
38,68,1
38,69,2
38,70,1
38,71,2
38,72,2
38,73,1
38,74,2
38,75,1
38,76,2
38,77,2
38,78,2
38,79,1
38,80,1
38,81,2
38,82,1
38,83,2
38,84,2
38,85,2
38,86,2
38,87,1
38,88,2
38,89,1
38,90,2
38,91,1
38,92,1
38,93,1
38,94,2
38,95,2
38,96,2
38,97,1
38,98,2
38,99,2
39,0,2
39,1,2
39,2,2
39,3,2
39,4,2
39,5,2
39,6,2
39,7,2
39,8,2
39,9,2
39,10,2
39,11,2
39,12,2
39,13,2
39,14,1
39,15,2
39,16,1
39,17,2
39,18,2
39,19,2
39,20,1
39,21,2
39,22,1
39,23,1
39,24,2
39,25,2
39,26,2
39,27,2
39,28,2
39,29,2
39,30,2
39,31,2
39,32,2
39,33,2
39,34,2
39,35,2
39,36,2
39,37,2
39,38,2
39,39,1
39,40,2
39,41,2
39,42,2
39,43,2
39,44,2
39,45,2
39,46,2
39,47,2
39,48,2
39,49,2
39,50,2
39,51,2
39,52,2
39,53,1
39,54,2
39,55,2
39,56,1
39,57,2
39,58,2
39,59,2
39,60,2
39,61,2
39,62,1
39,63,2
39,64,2
39,65,2
39,66,2
39,67,2
39,68,1
39,69,2
39,70,2
39,71,2
39,72,2
39,73,1
39,74,2
39,75,2
39,76,2
39,77,2
39,78,2
39,79,1
39,80,1
39,81,2
39,82,1
39,83,2
39,84,2
39,85,2
39,86,2
39,87,1
39,88,2
39,89,1
39,90,2
39,91,2
39,92,2
39,93,2
39,94,2
39,95,2
39,96,2
39,97,2
39,98,2
39,99,2
40,0,1
40,1,2
40,2,1
40,3,1
40,4,1
40,5,2
40,6,1
40,7,1
40,8,1
40,9,2
40,10,1
40,11,1
40,12,2
40,13,1
40,14,1
40,15,1
40,16,1
40,17,1
40,18,2
40,19,2
40,20,1
40,21,1
40,22,1
40,23,1
40,24,2
40,25,1
40,26,2
40,27,1
40,28,1
40,29,1
40,30,2
40,31,1
40,32,2
40,33,1
40,34,1
40,35,1
40,36,1
40,37,2
40,38,1
40,39,1
40,40,2
40,41,2
40,42,1
40,43,2
40,44,2
40,45,1
40,46,2
40,47,1
40,48,1
40,49,2
40,50,1
40,51,2
40,52,1
40,53,1
40,54,1
40,55,1
40,56,1
40,57,1
40,58,1
40,59,1
40,60,1
40,61,1
40,62,1
40,63,1
40,64,2
40,65,1
40,66,1
40,67,1
40,68,1
40,69,2
40,70,1
40,71,1
40,72,2
40,73,1
40,74,2
40,75,1
40,76,2
40,77,2
40,78,1
40,79,1
40,80,1
40,81,1
40,82,1
40,83,2
40,84,2
40,85,1
40,86,2
40,87,1
40,88,2
40,89,1
40,90,1
40,91,1
40,92,1
40,93,1
40,94,2
40,95,1
40,96,1
40,97,1
40,98,1
40,99,2
41,0,2
41,1,2
41,2,2
41,3,2
41,4,2
41,5,2
41,6,2
41,7,2
41,8,2
41,9,2
41,10,1
41,11,1
41,12,2
41,13,1
41,14,2
41,15,2
41,16,1
41,17,1
41,18,2
41,19,2
41,20,2
41,21,2
41,22,1
41,23,1
41,24,2
41,25,2
41,26,2
41,27,1
41,28,1
41,29,2
41,30,2
41,31,2
41,32,2
41,33,2
41,34,2
41,35,2
41,36,1
41,37,2
41,38,2
41,39,2
41,40,2
41,41,2
41,42,2
41,43,2
41,44,2
41,45,2
41,46,2
41,47,2
41,48,1
41,49,2
41,50,2
41,51,2
41,52,2
41,53,1
41,54,1
41,55,2
41,56,1
41,57,1
41,58,2
41,59,2
41,60,2
41,61,1
41,62,2
41,63,2
41,64,2
41,65,1
41,66,2
41,67,2
41,68,1
41,69,2
41,70,2
41,71,2
41,72,2
41,73,2
41,74,2
41,75,2
41,76,2
41,77,2
41,78,2
41,79,1
41,80,1
41,81,2
41,82,1
41,83,2
41,84,2
41,85,2
41,86,2
41,87,1
41,88,2
41,89,2
41,90,2
41,91,2
41,92,2
41,93,2
41,94,2
41,95,2
41,96,2
41,97,1
41,98,2
41,99,2
42,0,0
42,1,2
42,2,2
42,3,1
42,4,1
42,5,2
42,6,1
42,7,1
42,8,1
42,9,2
42,10,1
42,11,1
42,12,2
42,13,0
42,14,1
42,15,1
42,16,1
42,17,1
42,18,2
42,19,2
42,20,1
42,21,1
42,22,1
42,23,1
42,24,2
42,25,1
42,26,2
42,27,2
42,28,1
42,29,1
42,30,2
42,31,1
42,32,1
42,33,1
42,34,2
42,35,1
42,36,2
42,37,1
42,38,1
42,39,1
42,40,2
42,41,2
42,42,1
42,43,1
42,44,2
42,45,2
42,46,2
42,47,1
42,48,1
42,49,2
42,50,1
42,51,2
42,52,1
42,53,1
42,54,1
42,55,2
42,56,1
42,57,2
42,58,1
42,59,2
42,60,1
42,61,1
42,62,1
42,63,1
42,64,2
42,65,1
42,66,1
42,67,2
42,68,1
42,69,2
42,70,2
42,71,1
42,72,2
42,73,1
42,74,2
42,75,1
42,76,2
42,77,2
42,78,2
42,79,1
42,80,1
42,81,1
42,82,1
42,83,1
42,84,2
42,85,1
42,86,2
42,87,1
42,88,2
42,89,1
42,90,2
42,91,1
42,92,1
42,93,1
42,94,2
42,95,1
42,96,1
42,97,1
42,98,1
42,99,2
43,0,2
43,1,2
43,2,2
43,3,1
43,4,2
43,5,2
43,6,2
43,7,2
43,8,2
43,9,2
43,10,2
43,11,2
43,12,2
43,13,2
43,14,1
43,15,2
43,16,1
43,17,2
43,18,2
43,19,2
43,20,1
43,21,2
43,22,1
43,23,1
43,24,2
43,25,2
43,26,2
43,27,2
43,28,1
43,29,2
43,30,2
43,31,1
43,32,2
43,33,2
43,34,2
43,35,2
43,36,2
43,37,2
43,38,1
43,39,1
43,40,2
43,41,2
43,42,1
43,43,2
43,44,2
43,45,2
43,46,2
43,47,2
43,48,2
43,49,2
43,50,2
43,51,2
43,52,2
43,53,1
43,54,2
43,55,2
43,56,1
43,57,2
43,58,2
43,59,2
43,60,2
43,61,2
43,62,1
43,63,2
43,64,2
43,65,2
43,66,1
43,67,2
43,68,1
43,69,2
43,70,2
43,71,2
43,72,2
43,73,2
43,74,2
43,75,1
43,76,2
43,77,2
43,78,2
43,79,1
43,80,1
43,81,2
43,82,1
43,83,2
43,84,2
43,85,2
43,86,2
43,87,1
43,88,2
43,89,1
43,90,2
43,91,1
43,92,1
43,93,1
43,94,2
43,95,2
43,96,2
43,97,2
43,98,2
43,99,2
44,0,2
44,1,2
44,2,2
44,3,1
44,4,2
44,5,2
44,6,1
44,7,2
44,8,1
44,9,2
44,10,1
44,11,1
44,12,2
44,13,2
44,14,1
44,15,1
44,16,1
44,17,2
44,18,2
44,19,1
44,20,1
44,21,2
44,22,1
44,23,1
44,24,2
44,25,1
44,26,2
44,27,1
44,28,1
44,29,1
44,30,2
44,31,1
44,32,2
44,33,2
44,34,1
44,35,2
44,36,2
44,37,1
44,38,1
44,39,1
44,40,2
44,41,2
44,42,1
44,43,1
44,44,2
44,45,2
44,46,2
44,47,1
44,48,1
44,49,2
44,50,2
44,51,2
44,52,1
44,53,1
44,54,1
44,55,1
44,56,1
44,57,2
44,58,2
44,59,1
44,60,2
44,61,1
44,62,2
44,63,2
44,64,2
44,65,1
44,66,1
44,67,2
44,68,1
44,69,2
44,70,2
44,71,1
44,72,2
44,73,1
44,74,2
44,75,1
44,76,1
44,77,1
44,78,1
44,79,1
44,80,1
44,81,2
44,82,1
44,83,1
44,84,2
44,85,2
44,86,2
44,87,1
44,88,2
44,89,1
44,90,2
44,91,1
44,92,2
44,93,1
44,94,2
44,95,2
44,96,2
44,97,1
44,98,1
44,99,0
45,0,1
45,1,2
45,2,2
45,3,1
45,4,2
45,5,2
45,6,2
45,7,2
45,8,2
45,9,2
45,10,1
45,11,1
45,12,2
45,13,1
45,14,2
45,15,1
45,16,1
45,17,1
45,18,1
45,19,2
45,20,2
45,21,0
45,22,1
45,23,1
45,24,2
45,25,2
45,26,2
45,27,1
45,28,1
45,29,2
45,30,2
45,31,1
45,32,2
45,33,2
45,34,1
45,35,2
45,36,1
45,37,2
45,38,2
45,39,2
45,40,2
45,41,2
45,42,1
45,43,2
45,44,2
45,45,2
45,46,2
45,47,1
45,48,1
45,49,2
45,50,2
45,51,2
45,52,2
45,53,1
45,54,1
45,55,1
45,56,1
45,57,2
45,58,2
45,59,1
45,60,0
45,61,1
45,62,2
45,63,0
45,64,2
45,65,1
45,66,1
45,67,2
45,68,2
45,69,2
45,70,1
45,71,2
45,72,2
45,73,1
45,74,2
45,75,2
45,76,0
45,77,2
45,78,2
45,79,1
45,80,1
45,81,2
45,82,1
45,83,2
45,84,2
45,85,2
45,86,2
45,87,1
45,88,2
45,89,1
45,90,2
45,91,1
45,92,2
45,93,1
45,94,2
45,95,1
45,96,2
45,97,1
45,98,1
45,99,2
46,0,2
46,1,2
46,2,2
46,3,2
46,4,2
46,5,2
46,6,2
46,7,2
46,8,2
46,9,2
46,10,1
46,11,2
46,12,2
46,13,1
46,14,1
46,15,2
46,16,1
46,17,1
46,18,2
46,19,2
46,20,1
46,21,1
46,22,1
46,23,1
46,24,2
46,25,2
46,26,2
46,27,1
46,28,1
46,29,2
46,30,2
46,31,2
46,32,2
46,33,2
46,34,2
46,35,2
46,36,1
46,37,2
46,38,2
46,39,2
46,40,2
46,41,2
46,42,2
46,43,2
46,44,2
46,45,2
46,46,2
46,47,2
46,48,2
46,49,2
46,50,2
46,51,2
46,52,2
46,53,1
46,54,1
46,55,2
46,56,1
46,57,2
46,58,2
46,59,2
46,60,1
46,61,1
46,62,1
46,63,1
46,64,2
46,65,1
46,66,2
46,67,2
46,68,1
46,69,2
46,70,2
46,71,2
46,72,2
46,73,2
46,74,2
46,75,2
46,76,2
46,77,2
46,78,2
46,79,1
46,80,1
46,81,2
46,82,1
46,83,2
46,84,2
46,85,2
46,86,2
46,87,1
46,88,2
46,89,1
46,90,2
46,91,2
46,92,1
46,93,2
46,94,2
46,95,2
46,96,2
46,97,1
46,98,2
46,99,2
47,0,1
47,1,2
47,2,2
47,3,2
47,4,2
47,5,2
47,6,2
47,7,2
47,8,1
47,9,2
47,10,1
47,11,1
47,12,2
47,13,1
47,14,1
47,15,0
47,16,1
47,17,1
47,18,2
47,19,1
47,20,1
47,21,2
47,22,1
47,23,1
47,24,2
47,25,1
47,26,2
47,27,1
47,28,1
47,29,2
47,30,2
47,31,2
47,32,2
47,33,2
47,34,2
47,35,2
47,36,2
47,37,2
47,38,1
47,39,1
47,40,2
47,41,2
47,42,1
47,43,2
47,44,2
47,45,2
47,46,2
47,47,2
47,48,1
47,49,2
47,50,2
47,51,2
47,52,1
47,53,1
47,54,1
47,55,2
47,56,1
47,57,2
47,58,2
47,59,2
47,60,2
47,61,1
47,62,1
47,63,2
47,64,2
47,65,1
47,66,1
47,67,2
47,68,1
47,69,2
47,70,2
47,71,2
47,72,2
47,73,1
47,74,2
47,75,1
47,76,2
47,77,2
47,78,1
47,79,1
47,80,1
47,81,2
47,82,1
47,83,2
47,84,2
47,85,2
47,86,2
47,87,1
47,88,2
47,89,1
47,90,2
47,91,2
47,92,1
47,93,1
47,94,2
47,95,2
47,96,2
47,97,2
47,98,2
47,99,2
48,0,1
48,1,2
48,2,2
48,3,1
48,4,1
48,5,2
48,6,1
48,7,2
48,8,1
48,9,2
48,10,1
48,11,1
48,12,2
48,13,1
48,14,1
48,15,1
48,16,1
48,17,1
48,18,0
48,19,1
48,20,1
48,21,1
48,22,1
48,23,1
48,24,2
48,25,1
48,26,2
48,27,1
48,28,1
48,29,1
48,30,2
48,31,1
48,32,1
48,33,1
48,34,1
48,35,2
48,36,2
48,37,1
48,38,1
48,39,1
48,40,2
48,41,2
48,42,1
48,43,1
48,44,2
48,45,2
48,46,2
48,47,1
48,48,1
48,49,2
48,50,1
48,51,2
48,52,1
48,53,1
48,54,1
48,55,1
48,56,1
48,57,2
48,58,1
48,59,1
48,60,1
48,61,1
48,62,1
48,63,1
48,64,2
48,65,1
48,66,1
48,67,1
48,68,1
48,69,2
48,70,1
48,71,1
48,72,2
48,73,1
48,74,2
48,75,1
48,76,1
48,77,1
48,78,1
48,79,1
48,80,1
48,81,2
48,82,1
48,83,1
48,84,2
48,85,1
48,86,2
48,87,1
48,88,2
48,89,1
48,90,2
48,91,1
48,92,1
48,93,1
48,94,2
48,95,2
48,96,1
48,97,1
48,98,1
48,99,1
49,0,2
49,1,2
49,2,2
49,3,1
49,4,2
49,5,2
49,6,2
49,7,2
49,8,1
49,9,2
49,10,1
49,11,1
49,12,2
49,13,1
49,14,1
49,15,2
49,16,1
49,17,2
49,18,2
49,19,2
49,20,1
49,21,1
49,22,1
49,23,1
49,24,2
49,25,2
49,26,2
49,27,1
49,28,2
49,29,2
49,30,2
49,31,1
49,32,2
49,33,2
49,34,2
49,35,2
49,36,2
49,37,2
49,38,2
49,39,1
49,40,2
49,41,2
49,42,1
49,43,2
49,44,2
49,45,2
49,46,2
49,47,2
49,48,1
49,49,2
49,50,2
49,51,2
49,52,1
49,53,1
49,54,1
49,55,2
49,56,1
49,57,2
49,58,2
49,59,2
49,60,1
49,61,1
49,62,1
49,63,1
49,64,2
49,65,1
49,66,1
49,67,2
49,68,1
49,69,2
49,70,2
49,71,0
49,72,2
49,73,1
49,74,2
49,75,1
49,76,2
49,77,2
49,78,2
49,79,1
49,80,1
49,81,2
49,82,1
49,83,2
49,84,2
49,85,2
49,86,2
49,87,1
49,88,2
49,89,1
49,90,2
49,91,1
49,92,2
49,93,1
49,94,2
49,95,2
49,96,2
49,97,2
49,98,2
49,99,2
50,0,2
50,1,2
50,2,2
50,3,2
50,4,2
50,5,2
50,6,2
50,7,2
50,8,2
50,9,2
50,10,2
50,11,2
50,12,2
50,13,2
50,14,2
50,15,2
50,16,1
50,17,2
50,18,2
50,19,2
50,20,1
50,21,2
50,22,2
50,23,1
50,24,2
50,25,2
50,26,2
50,27,2
50,28,2
50,29,2
50,30,2
50,31,2
50,32,2
50,33,2
50,34,2
50,35,1
50,36,2
50,37,2
50,38,2
50,39,2
50,40,2
50,41,2
50,42,2
50,43,2
50,44,2
50,45,2
50,46,2
50,47,2
50,48,2
50,49,2
50,50,2
50,51,2
50,52,2
50,53,2
50,54,2
50,55,2
50,56,2
50,57,2
50,58,2
50,59,2
50,60,2
50,61,2
50,62,2
50,63,2
50,64,2
50,65,2
50,66,2
50,67,2
50,68,1
50,69,2
50,70,2
50,71,2
50,72,2
50,73,2
50,74,2
50,75,2
50,76,2
50,77,2
50,78,2
50,79,2
50,80,2
50,81,1
50,82,2
50,83,2
50,84,2
50,85,2
50,86,2
50,87,2
50,88,2
50,89,1
50,90,2
50,91,2
50,92,1
50,93,2
50,94,2
50,95,2
50,96,2
50,97,2
50,98,2
50,99,2
51,0,2
51,1,2
51,2,2
51,3,2
51,4,2
51,5,2
51,6,2
51,7,2
51,8,2
51,9,2
51,10,2
51,11,2
51,12,2
51,13,2
51,14,2
51,15,1
51,16,1
51,17,2
51,18,2
51,19,2
51,20,1
51,21,2
51,22,1
51,23,1
51,24,2
51,25,2
51,26,2
51,27,2
51,28,2
51,29,2
51,30,2
51,31,2
51,32,2
51,33,2
51,34,2
51,35,2
51,36,2
51,37,2
51,38,2
51,39,1
51,40,2
51,41,2
51,42,1
51,43,2
51,44,2
51,45,2
51,46,2
51,47,1
51,48,2
51,49,2
51,50,2
51,51,2
51,52,2
51,53,2
51,54,2
51,55,2
51,56,1
51,57,2
51,58,2
51,59,2
51,60,2
51,61,2
51,62,2
51,63,2
51,64,2
51,65,2
51,66,1
51,67,2
51,68,2
51,69,2
51,70,2
51,71,2
51,72,2
51,73,1
51,74,2
51,75,2
51,76,2
51,77,2
51,78,2
51,79,1
51,80,1
51,81,2
51,82,1
51,83,2
51,84,2
51,85,2
51,86,2
51,87,2
51,88,2
51,89,1
51,90,2
51,91,2
51,92,2
51,93,1
51,94,2
51,95,2
51,96,2
51,97,2
51,98,1
51,99,2
52,0,2
52,1,2
52,2,2
52,3,0
52,4,2
52,5,2
52,6,2
52,7,2
52,8,2
52,9,2
52,10,2
52,11,2
52,12,2
52,13,2
52,14,2
52,15,2
52,16,1
52,17,2
52,18,2
52,19,2
52,20,1
52,21,0
52,22,1
52,23,1
52,24,2
52,25,2
52,26,2
52,27,1
52,28,1
52,29,2
52,30,2
52,31,0
52,32,2
52,33,2
52,34,2
52,35,1
52,36,1
52,37,2
52,38,2
52,39,1
52,40,2
52,41,2
52,42,1
52,43,2
52,44,2
52,45,2
52,46,2
52,47,2
52,48,2
52,49,2
52,50,2
52,51,2
52,52,2
52,53,1
52,54,1
52,55,2
52,56,1
52,57,2
52,58,1
52,59,2
52,60,0
52,61,2
52,62,2
52,63,0
52,64,2
52,65,1
52,66,2
52,67,2
52,68,1
52,69,2
52,70,2
52,71,2
52,72,2
52,73,1
52,74,2
52,75,2
52,76,2
52,77,2
52,78,2
52,79,1
52,80,1
52,81,1
52,82,1
52,83,2
52,84,2
52,85,1
52,86,2
52,87,1
52,88,2
52,89,1
52,90,2
52,91,0
52,92,2
52,93,1
52,94,2
52,95,2
52,96,1
52,97,1
52,98,2
52,99,2
53,0,2
53,1,2
53,2,2
53,3,2
53,4,2
53,5,2
53,6,2
53,7,2
53,8,2
53,9,2
53,10,2
53,11,2
53,12,2
53,13,2
53,14,2
53,15,2
53,16,1
53,17,0
53,18,2
53,19,2
53,20,2
53,21,2
53,22,1
53,23,1
53,24,2
53,25,2
53,26,2
53,27,2
53,28,2
53,29,2
53,30,2
53,31,2
53,32,2
53,33,2
53,34,2
53,35,2
53,36,1
53,37,2
53,38,2
53,39,2
53,40,2
53,41,2
53,42,2
53,43,2
53,44,2
53,45,2
53,46,2
53,47,2
53,48,2
53,49,2
53,50,2
53,51,2
53,52,2
53,53,1
53,54,1
53,55,2
53,56,2
53,57,2
53,58,2
53,59,2
53,60,2
53,61,2
53,62,2
53,63,2
53,64,2
53,65,1
53,66,2
53,67,2
53,68,2
53,69,2
53,70,2
53,71,2
53,72,2
53,73,1
53,74,2
53,75,2
53,76,2
53,77,2
53,78,2
53,79,1
53,80,1
53,81,2
53,82,1
53,83,2
53,84,2
53,85,2
53,86,2
53,87,1
53,88,2
53,89,1
53,90,2
53,91,2
53,92,2
53,93,2
53,94,2
53,95,2
53,96,2
53,97,1
53,98,2
53,99,2
54,0,2
54,1,2
54,2,2
54,3,2
54,4,2
54,5,2
54,6,2
54,7,2
54,8,2
54,9,2
54,10,2
54,11,2
54,12,2
54,13,2
54,14,2
54,15,2
54,16,2
54,17,2
54,18,2
54,19,2
54,20,1
54,21,2
54,22,2
54,23,1
54,24,2
54,25,2
54,26,2
54,27,1
54,28,2
54,29,2
54,30,2
54,31,2
54,32,2
54,33,2
54,34,2
54,35,2
54,36,2
54,37,2
54,38,2
54,39,2
54,40,2
54,41,2
54,42,2
54,43,2
54,44,2
54,45,2
54,46,2
54,47,2
54,48,2
54,49,2
54,50,2
54,51,2
54,52,2
54,53,2
54,54,2
54,55,2
54,56,2
54,57,2
54,58,2
54,59,2
54,60,2
54,61,2
54,62,2
54,63,2
54,64,2
54,65,1
54,66,2
54,67,2
54,68,1
54,69,2
54,70,2
54,71,2
54,72,2
54,73,2
54,74,2
54,75,2
54,76,2
54,77,2
54,78,2
54,79,2
54,80,2
54,81,2
54,82,2
54,83,2
54,84,2
54,85,2
54,86,2
54,87,2
54,88,2
54,89,2
54,90,2
54,91,2
54,92,2
54,93,2
54,94,2
54,95,2
54,96,2
54,97,2
54,98,2
54,99,2
55,0,2
55,1,2
55,2,2
55,3,2
55,4,2
55,5,2
55,6,2
55,7,2
55,8,2
55,9,2
55,10,0
55,11,2
55,12,2
55,13,2
55,14,1
55,15,2
55,16,1
55,17,2
55,18,2
55,19,2
55,20,1
55,21,1
55,22,1
55,23,1
55,24,2
55,25,2
55,26,2
55,27,1
55,28,1
55,29,2
55,30,2
55,31,2
55,32,2
55,33,2
55,34,2
55,35,2
55,36,2
55,37,2
55,38,1
55,39,1
55,40,2
55,41,2
55,42,1
55,43,2
55,44,2
55,45,2
55,46,2
55,47,2
55,48,2
55,49,2
55,50,2
55,51,2
55,52,2
55,53,1
55,54,2
55,55,2
55,56,1
55,57,2
55,58,2
55,59,2
55,60,1
55,61,0
55,62,1
55,63,1
55,64,2
55,65,1
55,66,1
55,67,2
55,68,1
55,69,2
55,70,2
55,71,2
55,72,2
55,73,1
55,74,2
55,75,1
55,76,0
55,77,2
55,78,2
55,79,1
55,80,1
55,81,2
55,82,1
55,83,2
55,84,2
55,85,2
55,86,2
55,87,1
55,88,2
55,89,1
55,90,2
55,91,2
55,92,1
55,93,1
55,94,2
55,95,2
55,96,2
55,97,1
55,98,2
55,99,2
56,0,1
56,1,2
56,2,2
56,3,1
56,4,1
56,5,2
56,6,2
56,7,1
56,8,2
56,9,2
56,10,1
56,11,1
56,12,2
56,13,1
56,14,1
56,15,2
56,16,1
56,17,1
56,18,2
56,19,2
56,20,1
56,21,1
56,22,1
56,23,1
56,24,2
56,25,2
56,26,2
56,27,1
56,28,1
56,29,2
56,30,2
56,31,1
56,32,2
56,33,2
56,34,0
56,35,2
56,36,1
56,37,2
56,38,1
56,39,1
56,40,2
56,41,2
56,42,1
56,43,2
56,44,2
56,45,2
56,46,2
56,47,2
56,48,2
56,49,2
56,50,2
56,51,2
56,52,1
56,53,1
56,54,1
56,55,2
56,56,1
56,57,1
56,58,1
56,59,0
56,60,1
56,61,1
56,62,2
56,63,1
56,64,2
56,65,1
56,66,1
56,67,2
56,68,1
56,69,2
56,70,1
56,71,1
56,72,2
56,73,1
56,74,2
56,75,2
56,76,1
56,77,2
56,78,2
56,79,1
56,80,1
56,81,2
56,82,1
56,83,2
56,84,2
56,85,1
56,86,2
56,87,1
56,88,2
56,89,1
56,90,2
56,91,1
56,92,2
56,93,1
56,94,2
56,95,1
56,96,1
56,97,1
56,98,2
56,99,2
57,0,1
57,1,2
57,2,2
57,3,1
57,4,1
57,5,2
57,6,1
57,7,1
57,8,1
57,9,2
57,10,1
57,11,1
57,12,2
57,13,1
57,14,1
57,15,1
57,16,1
57,17,1
57,18,1
57,19,1
57,20,1
57,21,1
57,22,1
57,23,1
57,24,2
57,25,1
57,26,1
57,27,1
57,28,1
57,29,1
57,30,1
57,31,1
57,32,1
57,33,1
57,34,1
57,35,2
57,36,2
57,37,1
57,38,1
57,39,1
57,40,2
57,41,2
57,42,1
57,43,1
57,44,2
57,45,2
57,46,2
57,47,1
57,48,1
57,49,2
57,50,2
57,51,2
57,52,1
57,53,1
57,54,1
57,55,1
57,56,1
57,57,2
57,58,1
57,59,1
57,60,1
57,61,1
57,62,1
57,63,1
57,64,2
57,65,1
57,66,1
57,67,1
57,68,1
57,69,1
57,70,1
57,71,1
57,72,2
57,73,1
57,74,2
57,75,1
57,76,1
57,77,1
57,78,1
57,79,1
57,80,1
57,81,2
57,82,1
57,83,0
57,84,2
57,85,1
57,86,2
57,87,1
57,88,1
57,89,1
57,90,1
57,91,1
57,92,2
57,93,1
57,94,2
57,95,2
57,96,1
57,97,1
57,98,1
57,99,1
58,0,1
58,1,2
58,2,2
58,3,2
58,4,2
58,5,2
58,6,2
58,7,2
58,8,2
58,9,2
58,10,1
58,11,1
58,12,2
58,13,1
58,14,1
58,15,2
58,16,1
58,17,1
58,18,2
58,19,2
58,20,2
58,21,2
58,22,1
58,23,1
58,24,2
58,25,2
58,26,2
58,27,1
58,28,1
58,29,2
58,30,2
58,31,2
58,32,2
58,33,2
58,34,2
58,35,2
58,36,1
58,37,2
58,38,2
58,39,0
58,40,2
58,41,2
58,42,1
58,43,2
58,44,2
58,45,2
58,46,2
58,47,2
58,48,1
58,49,2
58,50,2
58,51,2
58,52,1
58,53,1
58,54,1
58,55,2
58,56,1
58,57,2
58,58,2
58,59,2
58,60,2
58,61,1
58,62,1
58,63,2
58,64,2
58,65,1
58,66,1
58,67,2
58,68,1
58,69,2
58,70,2
58,71,2
58,72,2
58,73,1
58,74,2
58,75,2
58,76,2
58,77,2
58,78,2
58,79,1
58,80,1
58,81,2
58,82,1
58,83,2
58,84,2
58,85,2
58,86,2
58,87,1
58,88,2
58,89,1
58,90,2
58,91,2
58,92,2
58,93,2
58,94,2
58,95,2
58,96,2
58,97,1
58,98,2
58,99,2
59,0,1
59,1,2
59,2,2
59,3,2
59,4,2
59,5,2
59,6,2
59,7,2
59,8,2
59,9,2
59,10,1
59,11,2
59,12,2
59,13,2
59,14,1
59,15,2
59,16,1
59,17,2
59,18,2
59,19,2
59,20,1
59,21,1
59,22,1
59,23,1
59,24,2
59,25,2
59,26,2
59,27,1
59,28,1
59,29,2
59,30,2
59,31,2
59,32,2
59,33,2
59,34,2
59,35,1
59,36,1
59,37,2
59,38,2
59,39,1
59,40,2
59,41,2
59,42,1
59,43,2
59,44,2
59,45,2
59,46,2
59,47,2
59,48,1
59,49,2
59,50,2
59,51,2
59,52,1
59,53,1
59,54,1
59,55,2
59,56,1
59,57,2
59,58,1
59,59,2
59,60,1
59,61,1
59,62,1
59,63,1
59,64,2
59,65,1
59,66,1
59,67,2
59,68,1
59,69,2
59,70,2
59,71,2
59,72,2
59,73,1
59,74,2
59,75,1
59,76,2
59,77,2
59,78,2
59,79,1
59,80,1
59,81,1
59,82,1
59,83,2
59,84,2
59,85,2
59,86,2
59,87,1
59,88,2
59,89,1
59,90,2
59,91,2
59,92,1
59,93,1
59,94,2
59,95,2
59,96,2
59,97,0
59,98,2
59,99,2
60,0,1
60,1,0
60,2,2
60,3,1
60,4,0
60,5,0
60,6,1
60,7,2
60,8,1
60,9,2
60,10,1
60,11,1
60,12,1
60,13,1
60,14,1
60,15,1
60,16,1
60,17,1
60,18,1
60,19,1
60,20,1
60,21,1
60,22,1
60,23,1
60,24,2
60,25,1
60,26,2
60,27,1
60,28,1
60,29,1
60,30,1
60,31,1
60,32,1
60,33,1
60,34,1
60,35,1
60,36,1
60,37,1
60,38,1
60,39,1
60,40,2
60,41,2
60,42,1
60,43,1
60,44,2
60,45,2
60,46,1
60,47,1
60,48,1
60,49,2
60,50,2
60,51,1
60,52,1
60,53,1
60,54,1
60,55,1
60,56,1
60,57,2
60,58,1
60,59,1
60,60,1
60,61,1
60,62,1
60,63,1
60,64,2
60,65,1
60,66,1
60,67,1
60,68,1
60,69,2
60,70,1
60,71,1
60,72,2
60,73,1
60,74,2
60,75,1
60,76,1
60,77,1
60,78,1
60,79,1
60,80,1
60,81,1
60,82,1
60,83,1
60,84,2
60,85,1
60,86,1
60,87,1
60,88,1
60,89,1
60,90,1
60,91,1
60,92,0
60,93,1
60,94,2
60,95,2
60,96,1
60,97,1
60,98,1
60,99,1
61,0,1
61,1,1
61,2,2
61,3,0
61,4,2
61,5,2
61,6,1
61,7,2
61,8,1
61,9,2
61,10,1
61,11,1
61,12,2
61,13,1
61,14,1
61,15,1
61,16,1
61,17,1
61,18,1
61,19,1
61,20,1
61,21,1
61,22,1
61,23,1
61,24,0
61,25,1
61,26,1
61,27,1
61,28,1
61,29,1
61,30,1
61,31,0
61,32,2
61,33,1
61,34,1
61,35,1
61,36,1
61,37,2
61,38,0
61,39,1
61,40,2
61,41,2
61,42,1
61,43,0
61,44,1
61,45,1
61,46,1
61,47,1
61,48,1
61,49,1
61,50,1
61,51,2
61,52,1
61,53,1
61,54,1
61,55,1
61,56,1
61,57,1
61,58,1
61,59,1
61,60,1
61,61,1
61,62,1
61,63,1
61,64,2
61,65,1
61,66,1
61,67,1
61,68,1
61,69,2
61,70,2
61,71,1
61,72,2
61,73,1
61,74,2
61,75,1
61,76,2
61,77,2
61,78,1
61,79,1
61,80,1
61,81,1
61,82,1
61,83,1
61,84,2
61,85,2
61,86,2
61,87,1
61,88,2
61,89,1
61,90,2
61,91,0
61,92,1
61,93,1
61,94,1
61,95,1
61,96,2
61,97,1
61,98,1
61,99,1
62,0,1
62,1,2
62,2,2
62,3,2
62,4,2
62,5,2
62,6,2
62,7,2
62,8,2
62,9,2
62,10,1
62,11,2
62,12,2
62,13,2
62,14,1
62,15,2
62,16,1
62,17,1
62,18,2
62,19,2
62,20,1
62,21,1
62,22,1
62,23,1
62,24,2
62,25,2
62,26,2
62,27,1
62,28,1
62,29,2
62,30,2
62,31,2
62,32,2
62,33,2
62,34,2
62,35,1
62,36,1
62,37,2
62,38,2
62,39,1
62,40,2
62,41,2
62,42,1
62,43,2
62,44,2
62,45,2
62,46,2
62,47,2
62,48,0
62,49,2
62,50,2
62,51,2
62,52,1
62,53,1
62,54,1
62,55,2
62,56,1
62,57,2
62,58,1
62,59,2
62,60,1
62,61,1
62,62,1
62,63,1
62,64,2
62,65,1
62,66,1
62,67,1
62,68,1
62,69,2
62,70,2
62,71,2
62,72,2
62,73,1
62,74,2
62,75,1
62,76,2
62,77,2
62,78,2
62,79,1
62,80,1
62,81,1
62,82,1
62,83,2
62,84,2
62,85,2
62,86,2
62,87,1
62,88,2
62,89,1
62,90,2
62,91,2
62,92,1
62,93,1
62,94,2
62,95,2
62,96,2
62,97,1
62,98,2
62,99,2
63,0,2
63,1,2
63,2,2
63,3,0
63,4,1
63,5,2
63,6,2
63,7,1
63,8,2
63,9,2
63,10,2
63,11,2
63,12,2
63,13,2
63,14,2
63,15,2
63,16,1
63,17,2
63,18,2
63,19,2
63,20,1
63,21,2
63,22,1
63,23,1
63,24,2
63,25,2
63,26,2
63,27,2
63,28,2
63,29,2
63,30,2
63,31,0
63,32,2
63,33,2
63,34,2
63,35,2
63,36,2
63,37,2
63,38,2
63,39,0
63,40,2
63,41,2
63,42,1
63,43,2
63,44,2
63,45,2
63,46,2
63,47,1
63,48,2
63,49,2
63,50,2
63,51,2
63,52,2
63,53,1
63,54,1
63,55,2
63,56,1
63,57,2
63,58,2
63,59,2
63,60,2
63,61,2
63,62,2
63,63,2
63,64,2
63,65,1
63,66,1
63,67,2
63,68,2
63,69,2
63,70,2
63,71,2
63,72,2
63,73,0
63,74,2
63,75,2
63,76,2
63,77,2
63,78,2
63,79,1
63,80,1
63,81,2
63,82,1
63,83,2
63,84,2
63,85,1
63,86,2
63,87,1
63,88,2
63,89,1
63,90,2
63,91,0
63,92,2
63,93,1
63,94,2
63,95,2
63,96,1
63,97,1
63,98,1
63,99,2
64,0,2
64,1,2
64,2,2
64,3,1
64,4,1
64,5,2
64,6,2
64,7,1
64,8,0
64,9,2
64,10,2
64,11,2
64,12,2
64,13,2
64,14,1
64,15,0
64,16,1
64,17,2
64,18,2
64,19,2
64,20,1
64,21,2
64,22,1
64,23,1
64,24,2
64,25,2
64,26,2
64,27,1
64,28,1
64,29,2
64,30,2
64,31,1
64,32,2
64,33,1
64,34,2
64,35,2
64,36,2
64,37,1
64,38,1
64,39,1
64,40,2
64,41,2
64,42,1
64,43,2
64,44,2
64,45,2
64,46,2
64,47,1
64,48,2
64,49,2
64,50,2
64,51,2
64,52,2
64,53,1
64,54,2
64,55,2
64,56,1
64,57,2
64,58,1
64,59,2
64,60,2
64,61,2
64,62,2
64,63,2
64,64,2
64,65,1
64,66,1
64,67,2
64,68,1
64,69,1
64,70,1
64,71,1
64,72,2
64,73,1
64,74,2
64,75,1
64,76,1
64,77,1
64,78,2
64,79,1
64,80,1
64,81,2
64,82,1
64,83,2
64,84,2
64,85,1
64,86,2
64,87,1
64,88,2
64,89,1
64,90,2
64,91,1
64,92,2
64,93,1
64,94,2
64,95,2
64,96,1
64,97,1
64,98,1
64,99,2
65,0,1
65,1,2
65,2,2
65,3,1
65,4,1
65,5,2
65,6,1
65,7,1
65,8,1
65,9,2
65,10,1
65,11,1
65,12,2
65,13,1
65,14,2
65,15,1
65,16,1
65,17,1
65,18,2
65,19,2
65,20,1
65,21,1
65,22,1
65,23,1
65,24,2
65,25,2
65,26,2
65,27,1
65,28,1
65,29,1
65,30,2
65,31,1
65,32,2
65,33,2
65,34,1
65,35,1
65,36,1
65,37,2
65,38,2
65,39,0
65,40,2
65,41,2
65,42,1
65,43,2
65,44,2
65,45,2
65,46,2
65,47,1
65,48,1
65,49,2
65,50,1
65,51,2
65,52,1
65,53,1
65,54,1
65,55,1
65,56,1
65,57,1
65,58,2
65,59,1
65,60,1
65,61,1
65,62,1
65,63,1
65,64,2
65,65,1
65,66,1
65,67,2
65,68,1
65,69,2
65,70,2
65,71,2
65,72,2
65,73,1
65,74,2
65,75,2
65,76,2
65,77,2
65,78,2
65,79,1
65,80,1
65,81,1
65,82,1
65,83,2
65,84,2
65,85,1
65,86,2
65,87,1
65,88,2
65,89,1
65,90,2
65,91,1
65,92,1
65,93,1
65,94,2
65,95,0
65,96,1
65,97,1
65,98,1
65,99,2
66,0,1
66,1,2
66,2,2
66,3,2
66,4,2
66,5,2
66,6,2
66,7,2
66,8,1
66,9,2
66,10,1
66,11,1
66,12,2
66,13,1
66,14,1
66,15,2
66,16,1
66,17,1
66,18,2
66,19,1
66,20,2
66,21,2
66,22,1
66,23,1
66,24,2
66,25,2
66,26,2
66,27,2
66,28,2
66,29,2
66,30,2
66,31,2
66,32,2
66,33,1
66,34,2
66,35,2
66,36,2
66,37,2
66,38,2
66,39,2
66,40,2
66,41,2
66,42,1
66,43,2
66,44,2
66,45,2
66,46,2
66,47,2
66,48,1
66,49,2
66,50,2
66,51,2
66,52,1
66,53,1
66,54,1
66,55,1
66,56,1
66,57,2
66,58,2
66,59,2
66,60,2
66,61,1
66,62,1
66,63,2
66,64,2
66,65,1
66,66,1
66,67,2
66,68,1
66,69,2
66,70,2
66,71,1
66,72,2
66,73,1
66,74,2
66,75,2
66,76,2
66,77,2
66,78,2
66,79,1
66,80,1
66,81,2
66,82,1
66,83,1
66,84,2
66,85,2
66,86,2
66,87,1
66,88,2
66,89,1
66,90,2
66,91,2
66,92,2
66,93,1
66,94,2
66,95,2
66,96,2
66,97,2
66,98,2
66,99,0
67,0,2
67,1,2
67,2,2
67,3,2
67,4,2
67,5,2
67,6,0
67,7,2
67,8,2
67,9,2
67,10,1
67,11,2
67,12,2
67,13,2
67,14,1
67,15,1
67,16,1
67,17,1
67,18,2
67,19,2
67,20,1
67,21,1
67,22,1
67,23,1
67,24,2
67,25,0
67,26,2
67,27,2
67,28,1
67,29,0
67,30,2
67,31,2
67,32,2
67,33,2
67,34,2
67,35,2
67,36,2
67,37,2
67,38,1
67,39,1
67,40,2
67,41,2
67,42,1
67,43,1
67,44,2
67,45,2
67,46,2
67,47,2
67,48,1
67,49,2
67,50,2
67,51,2
67,52,2
67,53,1
67,54,2
67,55,0
67,56,1
67,57,2
67,58,1
67,59,2
67,60,1
67,61,1
67,62,1
67,63,1
67,64,2
67,65,1
67,66,1
67,67,2
67,68,1
67,69,2
67,70,2
67,71,2
67,72,2
67,73,1
67,74,2
67,75,2
67,76,1
67,77,2
67,78,2
67,79,1
67,80,1
67,81,2
67,82,1
67,83,2
67,84,2
67,85,2
67,86,2
67,87,1
67,88,2
67,89,1
67,90,2
67,91,2
67,92,2
67,93,1
67,94,2
67,95,2
67,96,2
67,97,2
67,98,2
67,99,2
68,0,1
68,1,2
68,2,2
68,3,1
68,4,2
68,5,2
68,6,2
68,7,2
68,8,0
68,9,2
68,10,2
68,11,1
68,12,2
68,13,2
68,14,1
68,15,2
68,16,1
68,17,2
68,18,2
68,19,2
68,20,1
68,21,2
68,22,1
68,23,1
68,24,2
68,25,2
68,26,2
68,27,2
68,28,2
68,29,2
68,30,2
68,31,1
68,32,2
68,33,2
68,34,2
68,35,2
68,36,2
68,37,2
68,38,1
68,39,1
68,40,2
68,41,2
68,42,1
68,43,2
68,44,2
68,45,2
68,46,2
68,47,2
68,48,2
68,49,2
68,50,2
68,51,2
68,52,1
68,53,1
68,54,0
68,55,2
68,56,1
68,57,2
68,58,2
68,59,2
68,60,2
68,61,2
68,62,1
68,63,2
68,64,2
68,65,1
68,66,1
68,67,2
68,68,1
68,69,2
68,70,1
68,71,1
68,72,2
68,73,1
68,74,2
68,75,1
68,76,2
68,77,2
68,78,2
68,79,1
68,80,1
68,81,2
68,82,1
68,83,2
68,84,2
68,85,2
68,86,2
68,87,1
68,88,2
68,89,1
68,90,2
68,91,1
68,92,2
68,93,2
68,94,2
68,95,2
68,96,2
68,97,2
68,98,2
68,99,2
69,0,2
69,1,2
69,2,2
69,3,0
69,4,2
69,5,2
69,6,2
69,7,2
69,8,2
69,9,2
69,10,2
69,11,2
69,12,2
69,13,2
69,14,1
69,15,2
69,16,1
69,17,2
69,18,2
69,19,2
69,20,1
69,21,2
69,22,1
69,23,1
69,24,2
69,25,2
69,26,2
69,27,1
69,28,1
69,29,2
69,30,2
69,31,0
69,32,2
69,33,2
69,34,2
69,35,2
69,36,2
69,37,2
69,38,1
69,39,1
69,40,2
69,41,2
69,42,2
69,43,2
69,44,2
69,45,2
69,46,2
69,47,2
69,48,2
69,49,2
69,50,2
69,51,2
69,52,2
69,53,1
69,54,2
69,55,2
69,56,1
69,57,2
69,58,2
69,59,2
69,60,2
69,61,2
69,62,1
69,63,2
69,64,2
69,65,1
69,66,0
69,67,2
69,68,1
69,69,2
69,70,2
69,71,2
69,72,2
69,73,1
69,74,2
69,75,1
69,76,2
69,77,2
69,78,2
69,79,1
69,80,1
69,81,2
69,82,1
69,83,2
69,84,2
69,85,2
69,86,2
69,87,1
69,88,2
69,89,1
69,90,2
69,91,0
69,92,2
69,93,1
69,94,2
69,95,2
69,96,2
69,97,1
69,98,2
69,99,2
70,0,1
70,1,2
70,2,2
70,3,1
70,4,1
70,5,2
70,6,1
70,7,2
70,8,1
70,9,2
70,10,1
70,11,1
70,12,2
70,13,1
70,14,1
70,15,1
70,16,1
70,17,1
70,18,1
70,19,1
70,20,1
70,21,1
70,22,1
70,23,1
70,24,2
70,25,1
70,26,1
70,27,1
70,28,1
70,29,1
70,30,1
70,31,1
70,32,1
70,33,1
70,34,1
70,35,1
70,36,1
70,37,1
70,38,1
70,39,1
70,40,2
70,41,2
70,42,1
70,43,1
70,44,2
70,45,1
70,46,1
70,47,1
70,48,1
70,49,1
70,50,1
70,51,1
70,52,1
70,53,1
70,54,1
70,55,1
70,56,1
70,57,2
70,58,1
70,59,1
70,60,1
70,61,1
70,62,1
70,63,1
70,64,2
70,65,1
70,66,1
70,67,1
70,68,1
70,69,1
70,70,1
70,71,1
70,72,2
70,73,1
70,74,2
70,75,1
70,76,1
70,77,1
70,78,1
70,79,1
70,80,1
70,81,1
70,82,1
70,83,1
70,84,2
70,85,1
70,86,2
70,87,1
70,88,1
70,89,1
70,90,1
70,91,1
70,92,1
70,93,1
70,94,2
70,95,1
70,96,1
70,97,1
70,98,1
70,99,1
71,0,2
71,1,2
71,2,2
71,3,2
71,4,2
71,5,2
71,6,2
71,7,2
71,8,2
71,9,2
71,10,2
71,11,2
71,12,2
71,13,2
71,14,1
71,15,2
71,16,1
71,17,1
71,18,2
71,19,2
71,20,1
71,21,2
71,22,2
71,23,1
71,24,2
71,25,2
71,26,2
71,27,1
71,28,1
71,29,2
71,30,2
71,31,2
71,32,2
71,33,2
71,34,2
71,35,2
71,36,2
71,37,2
71,38,0
71,39,1
71,40,2
71,41,2
71,42,2
71,43,2
71,44,2
71,45,2
71,46,2
71,47,2
71,48,2
71,49,2
71,50,2
71,51,2
71,52,2
71,53,2
71,54,2
71,55,2
71,56,2
71,57,2
71,58,2
71,59,2
71,60,2
71,61,2
71,62,2
71,63,2
71,64,2
71,65,1
71,66,2
71,67,2
71,68,1
71,69,2
71,70,2
71,71,2
71,72,2
71,73,2
71,74,2
71,75,2
71,76,2
71,77,2
71,78,2
71,79,2
71,80,2
71,81,2
71,82,2
71,83,2
71,84,2
71,85,2
71,86,2
71,87,2
71,88,2
71,89,2
71,90,2
71,91,2
71,92,1
71,93,2
71,94,2
71,95,2
71,96,2
71,97,1
71,98,2
71,99,2
72,0,2
72,1,2
72,2,2
72,3,1
72,4,2
72,5,2
72,6,1
72,7,2
72,8,2
72,9,2
72,10,2
72,11,2
72,12,2
72,13,2
72,14,2
72,15,1
72,16,1
72,17,2
72,18,2
72,19,2
72,20,1
72,21,1
72,22,1
72,23,1
72,24,2
72,25,2
72,26,2
72,27,2
72,28,2
72,29,1
72,30,2
72,31,1
72,32,2
72,33,2
72,34,2
72,35,1
72,36,1
72,37,2
72,38,2
72,39,2
72,40,2
72,41,2
72,42,1
72,43,1
72,44,2
72,45,2
72,46,2
72,47,1
72,48,2
72,49,2
72,50,2
72,51,2
72,52,2
72,53,1
72,54,1
72,55,2
72,56,1
72,57,2
72,58,1
72,59,2
72,60,1
72,61,2
72,62,2
72,63,1
72,64,2
72,65,1
72,66,1
72,67,2
72,68,1
72,69,2
72,70,0
72,71,2
72,72,2
72,73,1
72,74,2
72,75,2
72,76,1
72,77,2
72,78,2
72,79,1
72,80,1
72,81,1
72,82,1
72,83,2
72,84,2
72,85,1
72,86,2
72,87,1
72,88,2
72,89,1
72,90,1
72,91,1
72,92,2
72,93,1
72,94,2
72,95,2
72,96,1
72,97,2
72,98,1
72,99,2
73,0,2
73,1,2
73,2,2
73,3,1
73,4,1
73,5,2
73,6,1
73,7,1
73,8,1
73,9,2
73,10,1
73,11,1
73,12,2
73,13,1
73,14,1
73,15,1
73,16,1
73,17,1
73,18,2
73,19,2
73,20,1
73,21,1
73,22,1
73,23,1
73,24,2
73,25,2
73,26,2
73,27,1
73,28,1
73,29,1
73,30,2
73,31,1
73,32,1
73,33,2
73,34,1
73,35,2
73,36,2
73,37,1
73,38,1
73,39,1
73,40,2
73,41,2
73,42,1
73,43,2
73,44,2
73,45,0
73,46,2
73,47,1
73,48,1
73,49,2
73,50,1
73,51,1
73,52,1
73,53,1
73,54,1
73,55,2
73,56,1
73,57,2
73,58,2
73,59,1
73,60,1
73,61,1
73,62,1
73,63,1
73,64,2
73,65,1
73,66,1
73,67,2
73,68,1
73,69,2
73,70,1
73,71,1
73,72,2
73,73,1
73,74,2
73,75,1
73,76,2
73,77,2
73,78,1
73,79,1
73,80,1
73,81,2
73,82,1
73,83,2
73,84,2
73,85,1
73,86,2
73,87,1
73,88,2
73,89,1
73,90,2
73,91,1
73,92,1
73,93,1
73,94,2
73,95,2
73,96,1
73,97,1
73,98,1
73,99,2
74,0,2
74,1,2
74,2,2
74,3,2
74,4,2
74,5,2
74,6,2
74,7,2
74,8,2
74,9,2
74,10,1
74,11,2
74,12,2
74,13,1
74,14,1
74,15,2
74,16,1
74,17,1
74,18,2
74,19,2
74,20,1
74,21,1
74,22,1
74,23,1
74,24,2
74,25,2
74,26,2
74,27,1
74,28,1
74,29,2
74,30,2
74,31,2
74,32,2
74,33,2
74,34,2
74,35,2
74,36,1
74,37,2
74,38,1
74,39,1
74,40,2
74,41,2
74,42,2
74,43,2
74,44,2
74,45,2
74,46,2
74,47,2
74,48,2
74,49,2
74,50,2
74,51,2
74,52,2
74,53,1
74,54,1
74,55,2
74,56,2
74,57,2
74,58,2
74,59,2
74,60,1
74,61,1
74,62,2
74,63,1
74,64,2
74,65,1
74,66,2
74,67,2
74,68,1
74,69,2
74,70,2
74,71,2
74,72,2
74,73,1
74,74,2
74,75,2
74,76,2
74,77,2
74,78,2
74,79,1
74,80,1
74,81,2
74,82,1
74,83,2
74,84,2
74,85,2
74,86,2
74,87,1
74,88,2
74,89,1
74,90,2
74,91,2
74,92,2
74,93,2
74,94,2
74,95,2
74,96,2
74,97,1
74,98,2
74,99,2
75,0,1
75,1,1
75,2,2
75,3,1
75,4,2
75,5,2
75,6,2
75,7,2
75,8,1
75,9,2
75,10,1
75,11,1
75,12,2
75,13,1
75,14,1
75,15,1
75,16,1
75,17,1
75,18,2
75,19,1
75,20,1
75,21,1
75,22,1
75,23,1
75,24,2
75,25,1
75,26,2
75,27,1
75,28,1
75,29,2
75,30,2
75,31,1
75,32,2
75,33,2
75,34,1
75,35,2
75,36,2
75,37,2
75,38,1
75,39,1
75,40,2
75,41,2
75,42,1
75,43,2
75,44,2
75,45,2
75,46,1
75,47,1
75,48,1
75,49,2
75,50,2
75,51,1
75,52,1
75,53,1
75,54,1
75,55,1
75,56,1
75,57,2
75,58,2
75,59,1
75,60,1
75,61,1
75,62,1
75,63,1
75,64,2
75,65,1
75,66,1
75,67,2
75,68,1
75,69,2
75,70,2
75,71,1
75,72,2
75,73,1
75,74,2
75,75,1
75,76,2
75,77,2
75,78,1
75,79,1
75,80,1
75,81,2
75,82,1
75,83,1
75,84,2
75,85,2
75,86,2
75,87,1
75,88,2
75,89,1
75,90,2
75,91,1
75,92,1
75,93,1
75,94,2
75,95,2
75,96,2
75,97,2
75,98,1
75,99,2
76,0,2
76,1,2
76,2,2
76,3,0
76,4,2
76,5,2
76,6,1
76,7,2
76,8,1
76,9,2
76,10,2
76,11,2
76,12,2
76,13,2
76,14,1
76,15,1
76,16,1
76,17,2
76,18,2
76,19,1
76,20,1
76,21,2
76,22,1
76,23,1
76,24,2
76,25,1
76,26,2
76,27,2
76,28,2
76,29,1
76,30,2
76,31,0
76,32,1
76,33,2
76,34,2
76,35,2
76,36,2
76,37,1
76,38,2
76,39,1
76,40,2
76,41,2
76,42,1
76,43,1
76,44,2
76,45,2
76,46,2
76,47,1
76,48,1
76,49,2
76,50,2
76,51,2
76,52,2
76,53,1
76,54,2
76,55,1
76,56,1
76,57,2
76,58,2
76,59,2
76,60,2
76,61,2
76,62,2
76,63,2
76,64,2
76,65,1
76,66,1
76,67,2
76,68,1
76,69,2
76,70,1
76,71,1
76,72,2
76,73,1
76,74,2
76,75,2
76,76,1
76,77,1
76,78,0
76,79,1
76,80,1
76,81,2
76,82,1
76,83,1
76,84,2
76,85,2
76,86,2
76,87,1
76,88,2
76,89,1
76,90,2
76,91,0
76,92,2
76,93,1
76,94,2
76,95,2
76,96,2
76,97,2
76,98,1
76,99,2
77,0,1
77,1,2
77,2,2
77,3,1
77,4,2
77,5,2
77,6,1
77,7,2
77,8,2
77,9,2
77,10,1
77,11,1
77,12,2
77,13,1
77,14,1
77,15,1
77,16,1
77,17,1
77,18,1
77,19,1
77,20,1
77,21,1
77,22,1
77,23,1
77,24,2
77,25,1
77,26,2
77,27,1
77,28,1
77,29,1
77,30,1
77,31,1
77,32,2
77,33,1
77,34,1
77,35,1
77,36,1
77,37,1
77,38,1
77,39,1
77,40,2
77,41,2
77,42,1
77,43,1
77,44,1
77,45,2
77,46,1
77,47,2
77,48,1
77,49,1
77,50,1
77,51,0
77,52,1
77,53,1
77,54,1
77,55,1
77,56,1
77,57,1
77,58,1
77,59,1
77,60,1
77,61,1
77,62,1
77,63,1
77,64,2
77,65,1
77,66,1
77,67,1
77,68,1
77,69,2
77,70,1
77,71,1
77,72,2
77,73,1
77,74,2
77,75,1
77,76,1
77,77,1
77,78,1
77,79,1
77,80,1
77,81,1
77,82,1
77,83,1
77,84,2
77,85,1
77,86,2
77,87,1
77,88,2
77,89,1
77,90,1
77,91,1
77,92,1
77,93,1
77,94,1
77,95,1
77,96,1
77,97,1
77,98,2
77,99,1
78,0,0
78,1,2
78,2,2
78,3,1
78,4,1
78,5,2
78,6,2
78,7,1
78,8,2
78,9,2
78,10,1
78,11,1
78,12,2
78,13,1
78,14,1
78,15,2
78,16,1
78,17,1
78,18,2
78,19,2
78,20,1
78,21,1
78,22,1
78,23,1
78,24,2
78,25,2
78,26,2
78,27,1
78,28,1
78,29,2
78,30,2
78,31,1
78,32,2
78,33,2
78,34,2
78,35,2
78,36,1
78,37,2
78,38,1
78,39,1
78,40,2
78,41,2
78,42,1
78,43,2
78,44,2
78,45,2
78,46,2
78,47,1
78,48,1
78,49,2
78,50,1
78,51,2
78,52,1
78,53,1
78,54,1
78,55,2
78,56,1
78,57,2
78,58,1
78,59,2
78,60,1
78,61,1
78,62,1
78,63,1
78,64,2
78,65,1
78,66,1
78,67,2
78,68,1
78,69,2
78,70,1
78,71,1
78,72,2
78,73,1
78,74,2
78,75,1
78,76,1
78,77,2
78,78,2
78,79,1
78,80,1
78,81,2
78,82,1
78,83,2
78,84,2
78,85,1
78,86,2
78,87,1
78,88,2
78,89,1
78,90,2
78,91,1
78,92,1
78,93,1
78,94,2
78,95,2
78,96,1
78,97,1
78,98,1
78,99,2
79,0,2
79,1,2
79,2,2
79,3,2
79,4,2
79,5,2
79,6,2
79,7,2
79,8,2
79,9,2
79,10,2
79,11,2
79,12,2
79,13,2
79,14,1
79,15,2
79,16,1
79,17,2
79,18,2
79,19,2
79,20,1
79,21,2
79,22,2
79,23,1
79,24,2
79,25,2
79,26,2
79,27,2
79,28,2
79,29,2
79,30,2
79,31,2
79,32,2
79,33,2
79,34,2
79,35,2
79,36,2
79,37,2
79,38,2
79,39,2
79,40,2
79,41,2
79,42,2
79,43,2
79,44,2
79,45,2
79,46,2
79,47,2
79,48,2
79,49,2
79,50,2
79,51,2
79,52,2
79,53,2
79,54,2
79,55,2
79,56,2
79,57,2
79,58,2
79,59,2
79,60,2
79,61,2
79,62,1
79,63,2
79,64,2
79,65,1
79,66,2
79,67,2
79,68,1
79,69,2
79,70,2
79,71,2
79,72,2
79,73,2
79,74,2
79,75,2
79,76,2
79,77,2
79,78,2
79,79,2
79,80,2
79,81,2
79,82,2
79,83,2
79,84,2
79,85,2
79,86,2
79,87,1
79,88,2
79,89,1
79,90,2
79,91,2
79,92,1
79,93,2
79,94,2
79,95,2
79,96,2
79,97,2
79,98,2
79,99,2
80,0,2
80,1,2
80,2,2
80,3,2
80,4,2
80,5,2
80,6,2
80,7,2
80,8,2
80,9,2
80,10,1
80,11,2
80,12,2
80,13,1
80,14,1
80,15,2
80,16,1
80,17,1
80,18,2
80,19,2
80,20,1
80,21,1
80,22,1
80,23,1
80,24,2
80,25,2
80,26,2
80,27,1
80,28,1
80,29,2
80,30,2
80,31,2
80,32,2
80,33,2
80,34,2
80,35,1
80,36,1
80,37,2
80,38,1
80,39,1
80,40,2
80,41,2
80,42,1
80,43,2
80,44,2
80,45,2
80,46,2
80,47,2
80,48,1
80,49,2
80,50,2
80,51,2
80,52,2
80,53,1
80,54,1
80,55,2
80,56,1
80,57,2
80,58,1
80,59,2
80,60,1
80,61,1
80,62,1
80,63,1
80,64,2
80,65,1
80,66,1
80,67,2
80,68,1
80,69,2
80,70,2
80,71,2
80,72,2
80,73,1
80,74,2
80,75,1
80,76,1
80,77,2
80,78,2
80,79,1
80,80,1
80,81,1
80,82,1
80,83,2
80,84,2
80,85,2
80,86,2
80,87,1
80,88,2
80,89,1
80,90,2
80,91,2
80,92,1
80,93,1
80,94,2
80,95,2
80,96,2
80,97,1
80,98,2
80,99,2
81,0,2
81,1,2
81,2,2
81,3,2
81,4,2
81,5,2
81,6,2
81,7,2
81,8,2
81,9,2
81,10,2
81,11,2
81,12,2
81,13,2
81,14,2
81,15,2
81,16,1
81,17,1
81,18,2
81,19,2
81,20,1
81,21,1
81,22,1
81,23,1
81,24,2
81,25,2
81,26,2
81,27,1
81,28,1
81,29,2
81,30,2
81,31,2
81,32,2
81,33,2
81,34,2
81,35,2
81,36,1
81,37,2
81,38,2
81,39,1
81,40,2
81,41,2
81,42,2
81,43,2
81,44,2
81,45,2
81,46,2
81,47,2
81,48,2
81,49,2
81,50,2
81,51,2
81,52,2
81,53,1
81,54,2
81,55,2
81,56,2
81,57,2
81,58,1
81,59,2
81,60,1
81,61,2
81,62,2
81,63,1
81,64,2
81,65,1
81,66,1
81,67,2
81,68,1
81,69,2
81,70,2
81,71,2
81,72,2
81,73,1
81,74,2
81,75,2
81,76,1
81,77,2
81,78,2
81,79,1
81,80,1
81,81,2
81,82,1
81,83,2
81,84,2
81,85,2
81,86,2
81,87,1
81,88,2
81,89,1
81,90,2
81,91,2
81,92,2
81,93,1
81,94,2
81,95,2
81,96,2
81,97,1
81,98,2
81,99,2
82,0,2
82,1,2
82,2,2
82,3,2
82,4,2
82,5,2
82,6,2
82,7,2
82,8,2
82,9,2
82,10,1
82,11,2
82,12,2
82,13,1
82,14,1
82,15,2
82,16,1
82,17,0
82,18,2
82,19,2
82,20,2
82,21,2
82,22,1
82,23,1
82,24,2
82,25,2
82,26,2
82,27,1
82,28,1
82,29,2
82,30,2
82,31,2
82,32,2
82,33,2
82,34,2
82,35,2
82,36,2
82,37,2
82,38,2
82,39,1
82,40,2
82,41,2
82,42,2
82,43,2
82,44,2
82,45,2
82,46,2
82,47,2
82,48,2
82,49,2
82,50,2
82,51,2
82,52,2
82,53,1
82,54,2
82,55,2
82,56,1
82,57,2
82,58,2
82,59,2
82,60,2
82,61,1
82,62,1
82,63,2
82,64,2
82,65,1
82,66,2
82,67,2
82,68,1
82,69,2
82,70,2
82,71,2
82,72,2
82,73,1
82,74,2
82,75,2
82,76,2
82,77,2
82,78,2
82,79,1
82,80,1
82,81,2
82,82,1
82,83,2
82,84,2
82,85,2
82,86,2
82,87,1
82,88,2
82,89,1
82,90,2
82,91,2
82,92,2
82,93,2
82,94,2
82,95,2
82,96,2
82,97,1
82,98,2
82,99,2
83,0,2
83,1,2
83,2,2
83,3,1
83,4,1
83,5,2
83,6,1
83,7,2
83,8,1
83,9,2
83,10,2
83,11,2
83,12,2
83,13,2
83,14,1
83,15,1
83,16,1
83,17,1
83,18,2
83,19,1
83,20,1
83,21,1
83,22,1
83,23,1
83,24,2
83,25,1
83,26,2
83,27,1
83,28,1
83,29,1
83,30,2
83,31,1
83,32,1
83,33,1
83,34,2
83,35,2
83,36,2
83,37,1
83,38,1
83,39,1
83,40,2
83,41,2
83,42,1
83,43,1
83,44,2
83,45,2
83,46,2
83,47,1
83,48,2
83,49,2
83,50,1
83,51,2
83,52,1
83,53,1
83,54,0
83,55,2
83,56,1
83,57,2
83,58,1
83,59,2
83,60,1
83,61,2
83,62,1
83,63,1
83,64,2
83,65,1
83,66,1
83,67,2
83,68,1
83,69,0
83,70,1
83,71,1
83,72,2
83,73,1
83,74,2
83,75,1
83,76,1
83,77,1
83,78,2
83,79,1
83,80,1
83,81,2
83,82,1
83,83,0
83,84,2
83,85,1
83,86,2
83,87,1
83,88,2
83,89,1
83,90,1
83,91,1
83,92,1
83,93,1
83,94,2
83,95,2
83,96,1
83,97,2
83,98,1
83,99,2
84,0,2
84,1,2
84,2,2
84,3,2
84,4,2
84,5,2
84,6,2
84,7,2
84,8,2
84,9,2
84,10,2
84,11,2
84,12,2
84,13,2
84,14,2
84,15,1
84,16,1
84,17,2
84,18,2
84,19,2
84,20,2
84,21,2
84,22,1
84,23,2
84,24,2
84,25,2
84,26,2
84,27,2
84,28,2
84,29,2
84,30,2
84,31,2
84,32,2
84,33,2
84,34,2
84,35,2
84,36,2
84,37,2
84,38,2
84,39,2
84,40,2
84,41,2
84,42,1
84,43,2
84,44,2
84,45,2
84,46,2
84,47,2
84,48,2
84,49,2
84,50,2
84,51,2
84,52,2
84,53,1
84,54,2
84,55,2
84,56,1
84,57,2
84,58,2
84,59,2
84,60,2
84,61,2
84,62,1
84,63,2
84,64,2
84,65,2
84,66,0
84,67,2
84,68,2
84,69,2
84,70,2
84,71,2
84,72,2
84,73,2
84,74,2
84,75,2
84,76,2
84,77,2
84,78,2
84,79,1
84,80,1
84,81,2
84,82,1
84,83,2
84,84,2
84,85,2
84,86,2
84,87,1
84,88,2
84,89,1
84,90,2
84,91,2
84,92,2
84,93,1
84,94,2
84,95,2
84,96,2
84,97,2
84,98,2
84,99,2
85,0,2
85,1,2
85,2,2
85,3,1
85,4,1
85,5,2
85,6,1
85,7,1
85,8,2
85,9,2
85,10,2
85,11,2
85,12,2
85,13,2
85,14,2
85,15,1
85,16,1
85,17,2
85,18,2
85,19,2
85,20,1
85,21,2
85,22,1
85,23,1
85,24,2
85,25,2
85,26,2
85,27,2
85,28,2
85,29,1
85,30,2
85,31,1
85,32,1
85,33,2
85,34,2
85,35,2
85,36,2
85,37,2
85,38,1
85,39,1
85,40,2
85,41,2
85,42,1
85,43,1
85,44,2
85,45,2
85,46,2
85,47,1
85,48,2
85,49,2
85,50,2
85,51,2
85,52,2
85,53,1
85,54,2
85,55,2
85,56,1
85,57,2
85,58,2
85,59,2
85,60,2
85,61,2
85,62,2
85,63,2
85,64,2
85,65,1
85,66,1
85,67,2
85,68,2
85,69,2
85,70,1
85,71,0
85,72,2
85,73,1
85,74,2
85,75,2
85,76,1
85,77,2
85,78,2
85,79,1
85,80,1
85,81,2
85,82,1
85,83,2
85,84,2
85,85,1
85,86,2
85,87,1
85,88,2
85,89,1
85,90,1
85,91,1
85,92,2
85,93,1
85,94,2
85,95,2
85,96,1
85,97,2
85,98,1
85,99,2
86,0,1
86,1,2
86,2,2
86,3,1
86,4,2
86,5,2
86,6,2
86,7,2
86,8,1
86,9,2
86,10,1
86,11,1
86,12,2
86,13,1
86,14,1
86,15,1
86,16,1
86,17,1
86,18,2
86,19,1
86,20,1
86,21,2
86,22,1
86,23,1
86,24,2
86,25,1
86,26,2
86,27,1
86,28,1
86,29,2
86,30,2
86,31,1
86,32,2
86,33,1
86,34,1
86,35,2
86,36,0
86,37,2
86,38,1
86,39,1
86,40,2
86,41,2
86,42,1
86,43,2
86,44,2
86,45,2
86,46,2
86,47,1
86,48,1
86,49,2
86,50,2
86,51,2
86,52,1
86,53,1
86,54,1
86,55,1
86,56,1
86,57,2
86,58,2
86,59,1
86,60,2
86,61,1
86,62,1
86,63,2
86,64,2
86,65,1
86,66,1
86,67,2
86,68,1
86,69,2
86,70,2
86,71,1
86,72,2
86,73,1
86,74,2
86,75,1
86,76,2
86,77,2
86,78,1
86,79,1
86,80,1
86,81,2
86,82,1
86,83,2
86,84,2
86,85,2
86,86,2
86,87,1
86,88,2
86,89,1
86,90,2
86,91,1
86,92,1
86,93,1
86,94,2
86,95,1
86,96,2
86,97,1
86,98,1
86,99,2
87,0,2
87,1,2
87,2,2
87,3,2
87,4,2
87,5,2
87,6,2
87,7,2
87,8,2
87,9,2
87,10,2
87,11,2
87,12,2
87,13,2
87,14,2
87,15,2
87,16,1
87,17,2
87,18,2
87,19,2
87,20,2
87,21,2
87,22,2
87,23,2
87,24,2
87,25,2
87,26,2
87,27,2
87,28,2
87,29,2
87,30,2
87,31,2
87,32,2
87,33,2
87,34,2
87,35,2
87,36,2
87,37,2
87,38,2
87,39,2
87,40,2
87,41,2
87,42,2
87,43,2
87,44,2
87,45,2
87,46,2
87,47,2
87,48,2
87,49,2
87,50,2
87,51,2
87,52,2
87,53,2
87,54,2
87,55,2
87,56,2
87,57,2
87,58,2
87,59,2
87,60,2
87,61,2
87,62,2
87,63,2
87,64,2
87,65,2
87,66,2
87,67,2
87,68,2
87,69,2
87,70,2
87,71,2
87,72,2
87,73,2
87,74,2
87,75,2
87,76,2
87,77,2
87,78,2
87,79,2
87,80,2
87,81,2
87,82,2
87,83,2
87,84,2
87,85,2
87,86,2
87,87,2
87,88,2
87,89,2
87,90,2
87,91,2
87,92,2
87,93,2
87,94,2
87,95,2
87,96,2
87,97,2
87,98,2
87,99,2
88,0,1
88,1,1
88,2,2
88,3,2
88,4,2
88,5,2
88,6,2
88,7,2
88,8,2
88,9,2
88,10,1
88,11,1
88,12,2
88,13,1
88,14,1
88,15,2
88,16,1
88,17,1
88,18,1
88,19,1
88,20,1
88,21,1
88,22,1
88,23,1
88,24,2
88,25,1
88,26,2
88,27,1
88,28,1
88,29,2
88,30,1
88,31,2
88,32,2
88,33,1
88,34,1
88,35,1
88,36,1
88,37,2
88,38,2
88,39,1
88,40,2
88,41,2
88,42,1
88,43,1
88,44,1
88,45,0
88,46,0
88,47,2
88,48,1
88,49,1
88,50,2
88,51,2
88,52,1
88,53,1
88,54,1
88,55,1
88,56,1
88,57,1
88,58,1
88,59,1
88,60,1
88,61,1
88,62,1
88,63,1
88,64,2
88,65,1
88,66,1
88,67,1
88,68,1
88,69,2
88,70,0
88,71,1
88,72,2
88,73,1
88,74,2
88,75,1
88,76,1
88,77,2
88,78,1
88,79,1
88,80,1
88,81,1
88,82,1
88,83,1
88,84,2
88,85,2
88,86,2
88,87,1
88,88,2
88,89,1
88,90,2
88,91,2
88,92,1
88,93,1
88,94,2
88,95,2
88,96,2
88,97,1
88,98,2
88,99,1
89,0,1
89,1,2
89,2,2
89,3,1
89,4,2
89,5,2
89,6,2
89,7,2
89,8,2
89,9,2
89,10,1
89,11,1
89,12,2
89,13,1
89,14,1
89,15,2
89,16,1
89,17,1
89,18,2
89,19,2
89,20,1
89,21,1
89,22,1
89,23,1
89,24,2
89,25,1
89,26,2
89,27,1
89,28,1
89,29,2
89,30,2
89,31,1
89,32,2
89,33,1
89,34,1
89,35,1
89,36,1
89,37,2
89,38,1
89,39,1
89,40,2
89,41,2
89,42,1
89,43,2
89,44,2
89,45,2
89,46,1
89,47,2
89,48,1
89,49,2
89,50,2
89,51,2
89,52,1
89,53,1
89,54,1
89,55,1
89,56,1
89,57,1
89,58,1
89,59,1
89,60,1
89,61,1
89,62,1
89,63,1
89,64,2
89,65,1
89,66,1
89,67,2
89,68,1
89,69,2
89,70,1
89,71,1
89,72,2
89,73,1
89,74,2
89,75,1
89,76,1
89,77,2
89,78,0
89,79,1
89,80,1
89,81,1
89,82,1
89,83,2
89,84,2
89,85,1
89,86,2
89,87,1
89,88,2
89,89,1
89,90,2
89,91,1
89,92,1
89,93,1
89,94,1
89,95,1
89,96,1
89,97,1
89,98,2
89,99,2
90,0,2
90,1,2
90,2,2
90,3,2
90,4,2
90,5,2
90,6,2
90,7,2
90,8,2
90,9,2
90,10,1
90,11,2
90,12,2
90,13,2
90,14,2
90,15,2
90,16,1
90,17,1
90,18,2
90,19,2
90,20,2
90,21,2
90,22,1
90,23,1
90,24,2
90,25,2
90,26,2
90,27,2
90,28,2
90,29,2
90,30,2
90,31,2
90,32,2
90,33,2
90,34,2
90,35,2
90,36,2
90,37,2
90,38,2
90,39,2
90,40,2
90,41,2
90,42,1
90,43,2
90,44,2
90,45,2
90,46,2
90,47,1
90,48,1
90,49,2
90,50,2
90,51,2
90,52,2
90,53,1
90,54,1
90,55,2
90,56,1
90,57,2
90,58,2
90,59,2
90,60,2
90,61,1
90,62,2
90,63,2
90,64,2
90,65,1
90,66,1
90,67,2
90,68,2
90,69,2
90,70,2
90,71,2
90,72,2
90,73,1
90,74,2
90,75,2
90,76,2
90,77,2
90,78,2
90,79,1
90,80,1
90,81,2
90,82,1
90,83,2
90,84,2
90,85,2
90,86,2
90,87,1
90,88,2
90,89,1
90,90,2
90,91,2
90,92,2
90,93,1
90,94,2
90,95,2
90,96,2
90,97,1
90,98,1
90,99,2
91,0,2
91,1,2
91,2,2
91,3,2
91,4,1
91,5,2
91,6,0
91,7,2
91,8,2
91,9,2
91,10,2
91,11,2
91,12,2
91,13,2
91,14,2
91,15,0
91,16,1
91,17,2
91,18,2
91,19,2
91,20,0
91,21,2
91,22,1
91,23,1
91,24,2
91,25,2
91,26,2
91,27,2
91,28,2
91,29,0
91,30,2
91,31,2
91,32,2
91,33,2
91,34,2
91,35,2
91,36,2
91,37,2
91,38,2
91,39,1
91,40,2
91,41,2
91,42,1
91,43,2
91,44,2
91,45,2
91,46,2
91,47,1
91,48,2
91,49,2
91,50,2
91,51,2
91,52,2
91,53,1
91,54,1
91,55,2
91,56,1
91,57,2
91,58,2
91,59,2
91,60,2
91,61,2
91,62,2
91,63,2
91,64,2
91,65,1
91,66,1
91,67,2
91,68,2
91,69,2
91,70,2
91,71,2
91,72,2
91,73,1
91,74,2
91,75,2
91,76,2
91,77,2
91,78,2
91,79,1
91,80,1
91,81,2
91,82,1
91,83,2
91,84,2
91,85,2
91,86,2
91,87,1
91,88,2
91,89,1
91,90,2
91,91,2
91,92,2
91,93,1
91,94,2
91,95,2
91,96,2
91,97,2
91,98,1
91,99,2
92,0,2
92,1,2
92,2,2
92,3,2
92,4,2
92,5,2
92,6,2
92,7,2
92,8,2
92,9,2
92,10,2
92,11,2
92,12,2
92,13,2
92,14,2
92,15,2
92,16,1
92,17,2
92,18,2
92,19,2
92,20,2
92,21,2
92,22,1
92,23,2
92,24,2
92,25,2
92,26,2
92,27,2
92,28,2
92,29,2
92,30,2
92,31,2
92,32,2
92,33,2
92,34,2
92,35,2
92,36,2
92,37,2
92,38,2
92,39,2
92,40,2
92,41,2
92,42,2
92,43,2
92,44,2
92,45,2
92,46,2
92,47,2
92,48,2
92,49,2
92,50,2
92,51,2
92,52,2
92,53,2
92,54,2
92,55,2
92,56,2
92,57,2
92,58,2
92,59,2
92,60,2
92,61,2
92,62,2
92,63,2
92,64,2
92,65,2
92,66,2
92,67,2
92,68,2
92,69,2
92,70,2
92,71,2
92,72,2
92,73,2
92,74,2
92,75,2
92,76,2
92,77,2
92,78,2
92,79,1
92,80,1
92,81,2
92,82,2
92,83,2
92,84,2
92,85,2
92,86,2
92,87,2
92,88,2
92,89,2
92,90,2
92,91,2
92,92,2
92,93,2
92,94,2
92,95,2
92,96,2
92,97,2
92,98,2
92,99,2
93,0,2
93,1,2
93,2,2
93,3,1
93,4,2
93,5,2
93,6,2
93,7,2
93,8,2
93,9,2
93,10,2
93,11,2
93,12,2
93,13,2
93,14,1
93,15,2
93,16,1
93,17,2
93,18,2
93,19,2
93,20,1
93,21,1
93,22,1
93,23,1
93,24,2
93,25,2
93,26,2
93,27,1
93,28,2
93,29,2
93,30,2
93,31,1
93,32,2
93,33,2
93,34,2
93,35,2
93,36,2
93,37,2
93,38,1
93,39,1
93,40,2
93,41,2
93,42,1
93,43,2
93,44,2
93,45,2
93,46,2
93,47,2
93,48,2
93,49,2
93,50,2
93,51,2
93,52,2
93,53,1
93,54,2
93,55,2
93,56,1
93,57,2
93,58,1
93,59,2
93,60,1
93,61,2
93,62,1
93,63,1
93,64,2
93,65,1
93,66,1
93,67,2
93,68,1
93,69,2
93,70,1
93,71,2
93,72,2
93,73,1
93,74,2
93,75,1
93,76,2
93,77,2
93,78,2
93,79,1
93,80,1
93,81,2
93,82,1
93,83,2
93,84,2
93,85,2
93,86,2
93,87,1
93,88,2
93,89,1
93,90,2
93,91,1
93,92,2
93,93,1
93,94,2
93,95,2
93,96,2
93,97,2
93,98,2
93,99,2
94,0,2
94,1,2
94,2,2
94,3,2
94,4,2
94,5,2
94,6,2
94,7,2
94,8,2
94,9,2
94,10,2
94,11,2
94,12,2
94,13,1
94,14,2
94,15,2
94,16,1
94,17,2
94,18,2
94,19,2
94,20,2
94,21,2
94,22,1
94,23,2
94,24,2
94,25,2
94,26,2
94,27,2
94,28,2
94,29,2
94,30,2
94,31,2
94,32,2
94,33,2
94,34,2
94,35,2
94,36,2
94,37,2
94,38,2
94,39,2
94,40,2
94,41,2
94,42,2
94,43,2
94,44,2
94,45,2
94,46,2
94,47,2
94,48,2
94,49,2
94,50,2
94,51,2
94,52,2
94,53,2
94,54,2
94,55,2
94,56,2
94,57,2
94,58,2
94,59,2
94,60,2
94,61,2
94,62,2
94,63,2
94,64,2
94,65,2
94,66,2
94,67,2
94,68,2
94,69,2
94,70,2
94,71,2
94,72,2
94,73,2
94,74,2
94,75,2
94,76,2
94,77,2
94,78,2
94,79,1
94,80,2
94,81,2
94,82,2
94,83,2
94,84,2
94,85,2
94,86,2
94,87,2
94,88,2
94,89,2
94,90,2
94,91,2
94,92,2
94,93,2
94,94,2
94,95,2
94,96,2
94,97,2
94,98,2
94,99,2
95,0,2
95,1,2
95,2,2
95,3,1
95,4,1
95,5,2
95,6,2
95,7,1
95,8,2
95,9,2
95,10,0
95,11,2
95,12,2
95,13,2
95,14,0
95,15,2
95,16,1
95,17,2
95,18,2
95,19,2
95,20,1
95,21,1
95,22,1
95,23,1
95,24,2
95,25,2
95,26,2
95,27,2
95,28,2
95,29,2
95,30,2
95,31,1
95,32,2
95,33,2
95,34,2
95,35,2
95,36,1
95,37,2
95,38,1
95,39,1
95,40,2
95,41,2
95,42,1
95,43,2
95,44,2
95,45,2
95,46,2
95,47,1
95,48,2
95,49,2
95,50,1
95,51,2
95,52,2
95,53,1
95,54,1
95,55,2
95,56,1
95,57,2
95,58,2
95,59,2
95,60,1
95,61,0
95,62,1
95,63,1
95,64,2
95,65,1
95,66,1
95,67,2
95,68,1
95,69,1
95,70,1
95,71,0
95,72,2
95,73,1
95,74,2
95,75,2
95,76,1
95,77,2
95,78,2
95,79,1
95,80,1
95,81,2
95,82,1
95,83,2
95,84,2
95,85,1
95,86,2
95,87,1
95,88,2
95,89,1
95,90,1
95,91,1
95,92,2
95,93,1
95,94,2
95,95,2
95,96,1
95,97,1
95,98,1
95,99,2
96,0,1
96,1,2
96,2,2
96,3,1
96,4,1
96,5,2
96,6,2
96,7,1
96,8,2
96,9,2
96,10,1
96,11,1
96,12,2
96,13,1
96,14,2
96,15,2
96,16,1
96,17,1
96,18,2
96,19,2
96,20,0
96,21,2
96,22,1
96,23,1
96,24,2
96,25,2
96,26,2
96,27,1
96,28,1
96,29,2
96,30,2
96,31,1
96,32,2
96,33,2
96,34,1
96,35,2
96,36,1
96,37,2
96,38,2
96,39,1
96,40,2
96,41,2
96,42,1
96,43,2
96,44,2
96,45,2
96,46,2
96,47,1
96,48,1
96,49,2
96,50,2
96,51,2
96,52,2
96,53,1
96,54,1
96,55,2
96,56,1
96,57,1
96,58,1
96,59,1
96,60,2
96,61,1
96,62,1
96,63,2
96,64,2
96,65,1
96,66,1
96,67,2
96,68,1
96,69,2
96,70,1
96,71,1
96,72,2
96,73,1
96,74,2
96,75,2
96,76,1
96,77,2
96,78,2
96,79,1
96,80,1
96,81,2
96,82,1
96,83,2
96,84,2
96,85,1
96,86,2
96,87,1
96,88,2
96,89,1
96,90,2
96,91,1
96,92,2
96,93,1
96,94,2
96,95,1
96,96,1
96,97,1
96,98,1
96,99,2
97,0,1
97,1,2
97,2,2
97,3,1
97,4,1
97,5,2
97,6,1
97,7,0
97,8,1
97,9,2
97,10,1
97,11,1
97,12,1
97,13,1
97,14,1
97,15,1
97,16,1
97,17,1
97,18,1
97,19,1
97,20,1
97,21,1
97,22,1
97,23,1
97,24,2
97,25,1
97,26,2
97,27,1
97,28,1
97,29,1
97,30,1
97,31,1
97,32,1
97,33,1
97,34,1
97,35,1
97,36,1
97,37,1
97,38,1
97,39,1
97,40,2
97,41,2
97,42,1
97,43,1
97,44,2
97,45,2
97,46,0
97,47,1
97,48,1
97,49,2
97,50,1
97,51,2
97,52,1
97,53,1
97,54,1
97,55,1
97,56,1
97,57,2
97,58,1
97,59,1
97,60,1
97,61,1
97,62,1
97,63,1
97,64,2
97,65,1
97,66,1
97,67,1
97,68,1
97,69,1
97,70,1
97,71,1
97,72,2
97,73,1
97,74,2
97,75,1
97,76,1
97,77,1
97,78,0
97,79,1
97,80,1
97,81,1
97,82,1
97,83,1
97,84,2
97,85,1
97,86,2
97,87,1
97,88,1
97,89,1
97,90,1
97,91,1
97,92,1
97,93,1
97,94,2
97,95,2
97,96,1
97,97,1
97,98,1
97,99,1
98,0,1
98,1,2
98,2,2
98,3,1
98,4,2
98,5,2
98,6,1
98,7,2
98,8,1
98,9,2
98,10,1
98,11,1
98,12,2
98,13,1
98,14,1
98,15,1
98,16,1
98,17,1
98,18,1
98,19,1
98,20,1
98,21,1
98,22,1
98,23,1
98,24,2
98,25,1
98,26,2
98,27,1
98,28,1
98,29,1
98,30,1
98,31,1
98,32,2
98,33,1
98,34,1
98,35,1
98,36,1
98,37,1
98,38,1
98,39,1
98,40,2
98,41,2
98,42,1
98,43,1
98,44,2
98,45,2
98,46,1
98,47,1
98,48,1
98,49,2
98,50,1
98,51,2
98,52,1
98,53,1
98,54,1
98,55,1
98,56,1
98,57,2
98,58,1
98,59,1
98,60,1
98,61,1
98,62,1
98,63,1
98,64,2
98,65,1
98,66,1
98,67,1
98,68,1
98,69,2
98,70,1
98,71,1
98,72,2
98,73,1
98,74,2
98,75,1
98,76,1
98,77,1
98,78,1
98,79,1
98,80,1
98,81,1
98,82,1
98,83,1
98,84,2
98,85,1
98,86,2
98,87,1
98,88,2
98,89,1
98,90,1
98,91,1
98,92,1
98,93,1
98,94,2
98,95,1
98,96,1
98,97,1
98,98,1
98,99,1
99,0,1
99,1,2
99,2,2
99,3,2
99,4,2
99,5,2
99,6,2
99,7,2
99,8,2
99,9,2
99,10,1
99,11,2
99,12,2
99,13,2
99,14,1
99,15,2
99,16,1
99,17,1
99,18,2
99,19,2
99,20,1
99,21,2
99,22,1
99,23,1
99,24,2
99,25,2
99,26,2
99,27,1
99,28,1
99,29,2
99,30,2
99,31,2
99,32,2
99,33,2
99,34,2
99,35,2
99,36,2
99,37,2
99,38,1
99,39,1
99,40,2
99,41,2
99,42,1
99,43,2
99,44,2
99,45,2
99,46,2
99,47,2
99,48,1
99,49,2
99,50,2
99,51,2
99,52,1
99,53,1
99,54,2
99,55,2
99,56,1
99,57,2
99,58,2
99,59,2
99,60,2
99,61,1
99,62,1
99,63,2
99,64,2
99,65,1
99,66,1
99,67,2
99,68,1
99,69,2
99,70,2
99,71,0
99,72,2
99,73,1
99,74,2
99,75,1
99,76,2
99,77,2
99,78,2
99,79,1
99,80,1
99,81,2
99,82,1
99,83,2
99,84,2
99,85,2
99,86,2
99,87,1
99,88,2
99,89,1
99,90,2
99,91,2
99,92,1
99,93,1
99,94,2
99,95,0
99,96,2
99,97,1
99,98,2
99,99,2
